Date,Close,Open,High,Low,Volume,Change
2017-04-24,48400.0,48900.0,49500.0,48000.0,1760000.0,-0.0102
2017-04-25,45150.0,48100.0,48400.0,45050.0,2530000.0,-0.06709999999999999
2017-04-26,44100.0,43100.0,44500.0,43100.0,1740000.0,-0.0233
2017-04-27,45900.0,44100.0,45900.0,44100.0,825430.0,0.0408
2017-04-28,46650.0,46100.0,47000.0,46100.0,781910.0,0.0163
2017-05-03,46750.0,46650.0,46800.0,46000.0,521490.0,0.0021
2017-05-04,47500.0,46750.0,47500.0,46700.0,2950000.0,0.016
2017-05-05,47100.0,47100.0,47500.0,47000.0,1270000.0,-0.0084
2017-05-08,47500.0,47000.0,47500.0,46600.0,1410000.0,0.0085
2017-05-09,46900.0,47500.0,47500.0,46900.0,864620.0,-0.0126
2017-05-10,47100.0,46900.0,47400.0,46900.0,2710000.0,0.0043
2017-05-11,48600.0,47100.0,49700.0,47100.0,3350000.0,0.0318
2017-05-12,48600.0,48600.0,48900.0,48400.0,1270000.0,0.0
2017-05-15,48700.0,48250.0,49200.0,48000.0,2430000.0,0.0021
2017-05-16,51100.0,49100.0,52000.0,48700.0,3630000.0,0.0493
2017-05-17,51000.0,51000.0,52000.0,50500.0,1640000.0,-0.002
2017-05-18,53000.0,50800.0,53000.0,50800.0,3080000.0,0.0392
2017-05-19,56700.0,53800.0,56700.0,53300.0,4370000.0,0.0698
2017-05-22,60600.0,59800.0,60600.0,59000.0,3060000.0,0.0688
2017-05-23,60600.0,61000.0,64500.0,60600.0,2840000.0,0.0
2017-05-24,59000.0,60600.0,60700.0,57500.0,1790000.0,-0.0264
2017-05-25,59000.0,59000.0,60100.0,58600.0,684100.0,0.0
2017-05-26,58100.0,58200.0,58900.0,57600.0,1240000.0,-0.015300000000000001
2017-05-29,60100.0,58000.0,60500.0,58000.0,967250.0,0.0344
2017-05-30,61000.0,60100.0,62100.0,60100.0,1070000.0,0.015
2017-05-31,61200.0,61500.0,61700.0,60400.0,714650.0,0.0033
2017-06-01,61200.0,61200.0,61800.0,61200.0,522880.0,0.0
2017-06-02,59700.0,60700.0,61200.0,59700.0,1240000.0,-0.0245
2017-06-05,61100.0,59700.0,61800.0,59200.0,665100.0,0.0235
2017-06-06,61500.0,61100.0,61500.0,60800.0,554760.0,0.006500000000000001
2017-06-07,61100.0,61400.0,61800.0,61000.0,626820.0,-0.006500000000000001
2017-06-08,61100.0,61100.0,61300.0,60800.0,325680.0,0.0
2017-06-09,62600.0,61000.0,63400.0,61000.0,1100000.0,0.0245
2017-06-12,63000.0,62600.0,64500.0,62300.0,830860.0,0.0064
2017-06-13,63000.0,63200.0,63700.0,62700.0,422580.0,0.0
2017-06-14,63000.0,62800.0,63000.0,61900.0,848170.0,0.0
2017-06-15,62800.0,62500.0,63300.0,62100.0,546160.0,-0.0032
2017-06-16,62400.0,62400.0,63000.0,62300.0,369590.0,-0.0064
2017-06-19,63800.0,62300.0,63800.0,62300.0,797760.0,0.022400000000000003
2017-06-20,65400.0,64000.0,65400.0,63900.0,1510000.0,0.025099999999999997
2017-06-21,66900.0,65500.0,67000.0,64400.0,980190.0,0.0229
2017-06-22,69500.0,67600.0,69800.0,67500.0,1120000.0,0.038900000000000004
2017-06-23,71400.0,69700.0,72000.0,69600.0,1830000.0,0.0273
2017-06-26,71800.0,72000.0,73300.0,71200.0,1140000.0,0.005600000000000001
2017-06-27,68800.0,71300.0,71600.0,68800.0,1550000.0,-0.0418
2017-06-28,68600.0,68400.0,69700.0,67300.0,1210000.0,-0.0029
2017-06-29,69500.0,68800.0,70200.0,67900.0,980940.0,0.0131
2017-06-30,69000.0,69900.0,70100.0,69000.0,846590.0,-0.0072
2017-07-03,68900.0,69000.0,69600.0,68500.0,1240000.0,-0.0014000000000000002
2017-07-04,67700.0,68500.0,68600.0,67200.0,983220.0,-0.0174
2017-07-05,68800.0,67600.0,69400.0,67300.0,493040.0,0.016200000000000003
2017-07-06,71000.0,68500.0,71200.0,68000.0,1700000.0,0.032
2017-07-07,69500.0,70700.0,71000.0,69400.0,1350000.0,-0.021099999999999997
2017-07-10,68800.0,68500.0,69400.0,68200.0,1150000.0,-0.0101
2017-07-11,68800.0,68800.0,68800.0,68000.0,669300.0,0.0
2017-07-12,68800.0,69800.0,69800.0,68800.0,905250.0,0.0
2017-07-13,70200.0,69000.0,70200.0,69000.0,1070000.0,0.0203
2017-07-14,70000.0,70800.0,71000.0,70000.0,766980.0,-0.0028000000000000004
2017-07-17,68700.0,70000.0,70400.0,68600.0,613290.0,-0.018600000000000002
2017-07-18,68900.0,68300.0,69200.0,68200.0,796070.0,0.0029
2017-07-19,69300.0,68800.0,69900.0,68800.0,998340.0,0.0058
2017-07-20,65500.0,66700.0,66900.0,65300.0,583230.0,-0.0548
2017-07-21,65500.0,65500.0,66000.0,65300.0,615940.0,0.0
2017-07-24,63000.0,64500.0,65500.0,63000.0,1060000.0,-0.0382
2017-07-25,64900.0,62000.0,65000.0,61000.0,1550000.0,0.0302
2017-07-26,64600.0,65200.0,65200.0,64300.0,328670.0,-0.0046
2017-07-27,62800.0,64100.0,64100.0,62800.0,883020.0,-0.0279
2017-07-28,64200.0,62700.0,64200.0,62100.0,505210.0,0.0223
2017-07-31,62800.0,64000.0,64000.0,62800.0,291180.0,-0.0218
2017-08-01,63000.0,62200.0,63700.0,62200.0,420960.0,0.0032
2017-08-02,63200.0,62800.0,63500.0,62100.0,347480.0,0.0032
2017-08-03,63000.0,63000.0,63200.0,62700.0,331860.0,-0.0032
2017-08-04,63600.0,62800.0,63900.0,62700.0,515090.00000000006,0.0095
2017-08-07,66800.0,63600.0,66800.0,63500.0,1650000.0,0.050300000000000004
2017-08-08,67500.0,66800.0,69000.0,66800.0,1350000.0,0.0105
2017-08-09,65800.0,67500.0,68000.0,65500.0,699190.0,-0.0252
2017-08-10,65200.0,65000.0,66000.0,64800.0,283290.0,-0.0091
2017-08-11,64500.0,65000.0,65900.0,64200.0,186140.0,-0.010700000000000001
2017-08-14,66000.0,64500.0,66200.0,64200.0,264910.0,0.0233
2017-08-15,66300.0,66300.0,66300.0,65500.0,269720.0,0.0045000000000000005
2017-08-16,66100.0,66300.0,66700.0,65500.0,578890.0,-0.003
2017-08-17,65800.0,66100.0,66300.0,65800.0,202030.0,-0.0045000000000000005
2017-08-18,66100.0,65800.0,66400.0,65700.0,287630.0,0.0046
2017-08-21,67300.0,67000.0,67900.0,66800.0,1450000.0,0.0182
2017-08-22,66700.0,67700.0,67800.0,66300.0,211800.0,-0.0089
2017-08-23,66700.0,66300.0,66800.0,66200.0,103940.0,0.0
2017-08-24,67600.0,66600.0,67800.0,66400.0,865230.0,0.013500000000000002
2017-08-25,67500.0,67600.0,68400.0,67300.0,501000.0,-0.0015
2017-08-28,68300.0,67500.0,68500.0,67300.0,939860.0,0.011899999999999999
2017-08-29,68000.0,68100.0,68700.0,67800.0,544800.0,-0.0044
2017-08-30,67000.0,67700.0,68000.0,67000.0,357560.0,-0.0147
2017-08-31,66800.0,67000.0,67700.0,66600.0,403980.0,-0.003
2017-09-01,66800.0,66800.0,67100.0,66200.0,237100.0,0.0
2017-09-05,67000.0,67500.0,67900.0,66900.0,807400.0,0.003
2017-09-06,67000.0,67000.0,67300.0,66500.0,525730.0,0.0
2017-09-07,66800.0,67000.0,67300.0,66800.0,580970.0,-0.003
2017-09-08,66900.0,66800.0,67900.0,66500.0,743570.0,0.0015
2017-09-11,67000.0,67600.0,67600.0,66900.0,484390.0,0.0015
2017-09-12,67500.0,66900.0,67500.0,66900.0,647000.0,0.0075
2017-09-13,68700.0,67700.0,69200.0,67500.0,2790000.0,0.0178
2017-09-14,68400.0,68700.0,69200.0,68400.0,709380.0,-0.0044
2017-09-15,68300.0,68300.0,68400.0,67700.0,3550000.0,-0.0015
2017-09-18,66400.0,68000.0,68000.0,66400.0,1270000.0,-0.0278
2017-09-19,65200.0,66200.0,66600.0,61900.0,1330000.0,-0.0181
2017-09-20,64000.0,65200.0,65200.0,63700.0,1070000.0,-0.0184
2017-09-21,64200.0,63400.0,65000.0,63400.0,479010.0,0.0031
2017-09-22,64600.0,64200.0,64800.0,64200.0,340680.0,0.0062
2017-09-25,64900.0,64600.0,65100.0,64400.0,358140.0,0.0046
2017-09-26,64400.0,65000.0,65300.0,64400.0,648770.0,-0.0077
2017-09-27,64800.0,64500.0,64800.0,64400.0,252960.0,0.0062
2017-09-28,63900.0,64800.0,64800.0,63800.0,442750.0,-0.0139
2017-09-29,63100.0,63900.0,63900.0,62800.0,611130.0,-0.0125
2017-10-02,62000.0,62500.0,63100.0,62000.0,331260.0,-0.0174
2017-10-03,60200.0,61900.0,62700.0,59500.0,459660.0,-0.028999999999999998
2017-10-04,60400.0,60300.0,60700.0,59600.0,332820.0,0.0033
2017-10-05,61400.0,60400.0,62400.0,60400.0,254450.0,0.0166
2017-10-06,61700.0,61400.0,62300.0,61300.0,129560.0,0.0049
2017-10-09,61200.0,61500.0,61500.0,60500.0,174990.0,-0.008100000000000001
2017-10-10,61800.0,61000.0,61800.0,60600.0,213840.0,0.0098
2017-10-11,61800.0,62000.0,62000.0,61700.0,226180.0,0.0
2017-10-12,60900.0,61800.0,61800.0,60700.0,276780.0,-0.0146
2017-10-13,60900.0,60600.0,60900.0,60400.0,360640.0,0.0
2017-10-16,60900.0,60600.0,61200.0,60300.0,258220.00000000003,0.0
2017-10-17,62000.0,60600.0,62000.0,60600.0,398400.0,0.0181
2017-10-18,62800.0,62000.0,63300.0,61600.0,516960.00000000006,0.0129
2017-10-19,63300.0,62800.0,63500.0,62500.0,416860.0,0.008
2017-10-20,63300.0,63300.0,64000.0,63000.0,326490.0,0.0
2017-10-23,62400.0,62800.0,63000.0,62000.0,228920.0,-0.014199999999999999
2017-10-24,62200.0,62100.0,62900.0,60800.0,298110.0,-0.0032
2017-10-25,62200.0,62200.0,62300.0,60500.0,101350.0,0.0
2017-10-26,62000.0,62300.0,62300.0,60800.0,150610.0,-0.0032
2017-10-27,62600.0,62000.0,62600.0,61700.0,265120.0,0.0097
2017-10-30,62000.0,63000.0,63200.0,62000.0,475770.0,-0.0096
2017-10-31,61200.0,62000.0,62000.0,61000.0,205440.0,-0.0129
2017-11-01,60800.0,61500.0,61500.0,60000.0,386030.0,-0.006500000000000001
2017-11-02,56800.0,60100.0,60800.0,56800.0,708070.0,-0.0658
2017-11-03,57200.0,56800.0,58000.0,56700.0,356150.0,0.006999999999999999
2017-11-06,54800.0,57100.0,57300.0,53500.0,590070.0,-0.042
2017-11-07,56000.0,53600.0,56900.0,53600.0,417220.0,0.0219
2017-11-08,56900.0,55900.0,56900.0,55900.0,197170.0,0.0161
2017-11-09,58200.0,56900.0,58400.0,56400.0,399080.0,0.022799999999999997
2017-11-10,58000.0,58000.0,58200.0,57100.0,147190.0,-0.0034000000000000002
2017-11-13,55400.0,57500.0,57500.0,54000.0,580360.0,-0.044800000000000006
2017-11-14,55300.0,55000.0,56000.0,54100.0,462250.0,-0.0018
2017-11-15,56900.0,55700.0,57500.0,55600.0,445550.0,0.028900000000000002
2017-11-16,57200.0,56900.0,57500.0,56800.0,260240.0,0.0053
2017-11-17,55600.0,57000.0,57000.0,55600.0,486410.0,-0.027999999999999997
2017-11-20,57400.0,56300.0,57600.0,56300.0,578810.0,0.032400000000000005
2017-11-21,60500.0,57800.0,61400.0,57800.0,1240000.0,0.054000000000000006
2017-11-22,61900.0,60500.0,62400.0,60000.0,536080.0,0.0231
2017-11-23,60500.0,61900.0,62000.0,60400.0,569880.0,-0.0226
2017-11-24,60200.0,60500.0,60600.0,59100.0,485810.0,-0.005
2017-11-27,61000.0,60000.0,61700.0,59500.0,599940.0,0.013300000000000001
2017-11-28,60100.0,61000.0,61100.0,59800.0,387960.0,-0.0148
2017-11-29,61800.0,60100.0,62100.0,59600.0,1310000.0,0.028300000000000002
2017-11-30,62000.0,62000.0,62700.0,61900.0,714320.0,0.0032
2017-12-01,65200.0,62000.0,65200.0,62000.0,1340000.0,0.0516
2017-12-04,66200.0,65200.0,66400.0,64500.0,750070.0,0.015300000000000001
2017-12-05,66500.0,66100.0,67900.0,65500.0,1170000.0,0.0045000000000000005
2017-12-06,66000.0,66000.0,67300.0,65000.0,710670.0,-0.0075
2017-12-07,64400.0,66000.0,66500.0,63900.0,661200.0,-0.0242
2017-12-08,65900.0,64700.0,66900.0,63600.0,533660.0,0.0233
2017-12-11,64400.0,64500.0,65800.0,64400.0,306410.0,-0.022799999999999997
2017-12-12,64100.0,64300.0,65400.0,61000.0,778430.0,-0.004699999999999999
2017-12-13,62300.0,65000.0,65000.0,61900.0,649540.0,-0.0281
2017-12-14,64800.0,62300.0,64900.0,62000.0,370260.0,0.0401
2017-12-15,65000.0,64800.0,65000.0,64100.0,340040.0,0.0031
2017-12-18,65900.0,65000.0,66300.0,65000.0,428870.0,0.0138
2017-12-19,67000.0,65500.0,67900.0,65300.0,1290000.0,0.0167
2017-12-20,70000.0,67500.0,70900.0,67400.0,2730000.0,0.044800000000000006
2017-12-21,69700.0,69200.0,71000.0,69200.0,923560.0,-0.0043
2017-12-22,69000.0,69700.0,69700.0,68200.0,894560.0,-0.01
2017-12-25,71900.0,69200.0,71900.0,68800.0,1750000.0,0.042
2017-12-26,73200.0,71900.0,73500.0,71900.0,1340000.0,0.0181
2017-12-27,73200.0,74000.0,74300.0,72000.0,1160000.0,0.0
2017-12-28,74000.0,73000.0,74500.0,72200.0,1380000.0,0.0109
2017-12-29,75000.0,74000.0,76500.0,73000.0,1460000.0,0.013500000000000002
2018-01-02,75000.0,75200.0,76500.0,73900.0,1140000.0,0.0
2018-01-03,75200.0,75000.0,75800.0,74300.0,1100000.0,0.0027
2018-01-04,78600.0,75400.0,78600.0,75400.0,1440000.0,0.0452
2018-01-05,79000.0,78300.0,79400.0,77200.0,1370000.0,0.0051
2018-01-08,84000.0,78600.0,84300.0,78600.0,1160000.0,0.0633
2018-01-09,83100.0,84000.0,85000.0,82500.0,1280000.0,-0.010700000000000001
2018-01-10,85000.0,83100.0,86000.0,83000.0,1430000.0,0.0229
2018-01-11,88200.0,84500.0,88800.0,83700.0,1060000.0,0.037599999999999995
2018-01-12,86700.0,88200.0,91200.0,86000.0,1930000.0,-0.017
2018-01-15,90500.0,86700.0,91000.0,86000.0,1470000.0,0.0438
2018-01-16,91000.0,90000.0,92700.0,88900.0,1560000.0,0.0055000000000000005
2018-01-17,86200.0,91000.0,92300.0,86200.0,1460000.0,-0.0527
2018-01-18,86800.0,85000.0,87300.0,82000.0,2550000.0,0.006999999999999999
2018-01-19,91900.0,87500.0,91900.0,86800.0,2790000.0,0.0588
2018-01-22,93100.0,91900.0,94400.0,90000.0,1530000.0,0.0131
2018-01-25,93100.0,94200.0,95500.0,92800.0,2920000.0,0.0
2018-01-26,93000.0,93900.0,94200.0,90000.0,1660000.0,-0.0011
2018-01-29,91800.0,93000.0,93000.0,90600.0,1710000.0,-0.0129
2018-01-30,89500.0,90000.0,90900.0,86800.0,1590000.0,-0.025099999999999997
2018-01-31,88500.0,88000.0,93000.0,85100.0,1950000.0,-0.011200000000000002
2018-02-01,88600.0,88800.0,90000.0,87800.0,723200.0,0.0011
2018-02-02,87800.0,87000.0,88600.0,86400.0,992010.0,-0.009000000000000001
2018-02-05,81700.0,87400.0,87400.0,81700.0,1590000.0,-0.0695
2018-02-06,76000.0,76000.0,80000.0,76000.0,1070000.0,-0.0698
2018-02-07,79900.0,80100.0,80200.0,77600.0,1570000.0,0.0513
2018-02-08,77100.0,78500.0,79200.0,77000.0,459780.0,-0.035
2018-02-09,73100.0,73000.0,74800.0,71800.0,770290.0,-0.0519
2018-02-12,77900.0,73100.0,77900.0,73100.0,750900.0,0.06570000000000001
2018-02-13,78200.0,79000.0,79300.0,78000.0,546150.0,0.0039000000000000003
2018-02-21,79700.0,80200.0,80800.0,78700.0,803170.0,0.0192
2018-02-22,77500.0,79000.0,79900.0,76000.0,622310.0,-0.0276
2018-02-23,82900.0,78400.0,82900.0,78200.0,2060000.0,0.0697
2018-02-26,88500.0,85000.0,88700.0,85000.0,2160000.0,0.0676
2018-02-27,87900.0,89500.0,89500.0,86500.0,845450.0,-0.0068000000000000005
2018-02-28,89900.0,86000.0,91000.0,86000.0,1820000.0,0.022799999999999997
2018-03-01,87200.0,88800.0,89800.0,86100.0,1260000.0,-0.03
2018-03-02,87000.0,86000.0,87000.0,85300.0,849060.0,-0.0023
2018-03-05,83100.0,87500.0,88500.0,83100.0,1010000.0,-0.044800000000000006
2018-03-06,86600.0,84500.0,87000.0,83000.0,838820.0,0.0421
2018-03-07,83300.0,86100.0,86600.0,83000.0,833790.0,-0.0381
2018-03-08,85000.0,83300.0,85200.0,82500.0,676110.0,0.0204
2018-03-09,84000.0,85400.0,86000.0,83800.0,552480.0,-0.0118
2018-03-12,82400.0,85300.0,85300.0,82400.0,507620.0,-0.019
2018-03-13,81500.0,82900.0,83300.0,79700.0,932770.0,-0.0109
2018-03-14,81200.0,81700.0,83000.0,81200.0,511470.0,-0.0037
2018-03-15,81100.0,81000.0,82000.0,80300.0,665400.0,-0.0012
2018-03-16,83000.0,81200.0,85100.0,81200.0,2040000.0,0.023399999999999997
2018-03-19,86300.0,85000.0,86500.0,84500.0,1160000.0,0.0398
2018-03-20,85500.0,86000.0,87200.0,85500.0,922890.0,-0.009300000000000001
2018-03-21,86900.0,86200.0,87700.0,85600.0,1800000.0,0.016399999999999998
2018-03-22,86900.0,88000.0,88800.0,86800.0,1290000.0,0.0
2018-03-23,85100.0,85000.0,86400.0,83900.0,1180000.0,-0.0207
2018-03-26,83000.0,85100.0,86000.0,83000.0,1120000.0,-0.024700000000000003
2018-03-27,82000.0,83500.0,84000.0,80300.0,1270000.0,-0.012
2018-03-28,82900.0,81100.0,83700.0,80600.0,500520.0,0.011000000000000001
2018-03-29,82300.0,82900.0,83300.0,81600.0,374820.0,-0.0072
2018-03-30,83700.0,82900.0,83900.0,81500.0,501160.0,0.017
2018-04-02,84900.0,83600.0,85300.0,83300.0,770760.0,0.0143
2018-04-03,83000.0,84500.0,85400.0,82900.0,778980.0,-0.022400000000000003
2018-04-04,82500.0,83000.0,83500.0,81900.0,937700.0,-0.006
2018-04-05,81400.0,82500.0,83000.0,81200.0,532380.0,-0.013300000000000001
2018-04-06,83000.0,82000.0,83000.0,80800.0,891780.0,0.0197
2018-04-09,83400.0,83000.0,84500.0,82800.0,761600.0,0.0048
2018-04-10,83000.0,82900.0,83400.0,81300.0,557070.0,-0.0048
2018-04-11,79000.0,83100.0,83900.0,79000.0,1010000.0,-0.0482
2018-04-12,80000.0,79000.0,80000.0,77700.0,950990.0,0.0127
2018-04-13,76500.0,80000.0,80800.0,75000.0,948810.0,-0.0438
2018-04-16,76700.0,76500.0,76900.0,75000.0,557830.0,0.0026
2018-04-17,74000.0,76700.0,76900.0,73400.0,692890.0,-0.0352
2018-04-18,71800.0,74000.0,74700.0,70800.0,1160000.0,-0.0297
2018-04-19,66800.0,71800.0,71800.0,66800.0,1260000.0,-0.0696
2018-04-20,69400.0,66800.0,69400.0,66000.0,733140.0,0.038900000000000004
2018-04-23,64600.0,70000.0,71000.0,64600.0,683680.0,-0.0692
2018-04-24,62000.0,62600.0,64000.0,60100.0,1220000.0,-0.04019999999999999
2018-04-26,57700.0,62900.0,62900.0,57700.0,909200.0,-0.0694
2018-04-27,61700.0,57700.0,61700.0,57600.0,1110000.0,0.0693
2018-05-02,66000.0,63500.0,66000.0,63000.0,837650.0,0.0697
2018-05-03,66200.0,66000.0,68500.0,64000.0,788130.0,0.003
2018-05-04,65400.0,66000.0,66200.0,64500.0,632690.0,-0.0121
2018-05-07,66500.0,65000.0,66900.0,64500.0,492350.0,0.0168
2018-05-08,68200.0,66100.0,68800.0,66100.0,643400.0,0.0256
2018-05-09,67700.0,68800.0,69200.0,66800.0,615370.0,-0.0073
2018-05-10,64000.0,68000.0,68000.0,64000.0,552890.0,-0.0547
2018-05-11,64000.0,64000.0,64900.0,62000.0,672780.0,0.0
2018-05-14,66000.0,65400.0,66100.0,64100.0,408200.0,0.0313
2018-05-15,70600.0,66000.0,70600.0,66000.0,1280000.0,0.0697
2018-05-16,69000.0,71000.0,71000.0,68500.0,728550.0,-0.0227
2018-05-17,68000.0,68600.0,69300.0,68000.0,852580.0,-0.014499999999999999
2018-05-18,69000.0,67200.0,69000.0,65000.0,825630.0,0.0147
2018-05-21,66000.0,69100.0,69100.0,66000.0,542820.0,-0.0435
2018-05-22,62000.0,64500.0,66000.0,61400.0,955310.0,-0.060599999999999994
2018-05-23,63300.0,61000.0,63300.0,60200.0,614660.0,0.021
2018-05-24,63000.0,63600.0,64500.0,62000.0,382870.0,-0.004699999999999999
2018-05-25,59500.0,63000.0,63500.0,59500.0,618290.0,-0.0556
2018-05-28,56000.0,59000.0,59000.0,56000.0,976740.0,-0.0588
2018-05-29,59900.0,57000.0,59900.0,56400.0,678390.0,0.0696
2018-05-30,58500.0,59500.0,60500.0,58500.0,490400.0,-0.023399999999999997
2018-05-31,62000.0,58000.0,62500.0,58000.0,849930.0,0.059800000000000006
2018-06-01,62500.0,62900.0,63000.0,60900.0,686660.0,0.008100000000000001
2018-06-04,62800.0,62500.0,63500.0,61600.0,386910.0,0.0048
2018-06-05,65600.0,62800.0,66500.0,62800.0,765440.0,0.0446
2018-06-06,67200.0,66000.0,67500.0,64800.0,547500.0,0.024399999999999998
2018-06-07,66900.0,67000.0,67400.0,66000.0,637220.0,-0.0045000000000000005
2018-06-08,68200.0,66800.0,68500.0,65800.0,781580.0,0.0194
2018-06-11,66300.0,66500.0,68400.0,66200.0,584970.0,-0.0279
2018-06-12,61734.0,61924.0,62877.0,59257.0,927160.0,-0.0689
2018-06-13,63830.0,61829.0,63830.0,61448.0,496570.0,0.034
2018-06-14,63544.0,63830.0,65068.0,63544.0,594110.0,-0.0045000000000000005
2018-06-15,64115.0,63258.0,64115.0,62591.0,476310.0,0.009000000000000001
2018-06-18,61448.0,63639.0,64020.0,61448.0,517669.99999999994,-0.0416
2018-06-19,59543.0,60495.0,60972.0,57161.0,1280000.0,-0.031
2018-06-20,60876.0,59924.0,60876.0,58590.0,305680.0,0.022400000000000003
2018-06-21,59638.0,60781.0,60781.0,59543.0,259740.0,-0.0203
2018-06-22,60400.0,59543.0,60400.0,58971.0,308340.0,0.0128
2018-06-25,61600.0,62800.0,62800.0,61500.0,383240.0,0.0199
2018-06-26,60600.0,61100.0,61100.0,60000.0,221360.0,-0.016200000000000003
2018-06-27,59800.0,61000.0,62000.0,59800.0,331450.0,-0.0132
2018-06-28,59000.0,59500.0,59800.0,58000.0,410520.0,-0.0134
2018-06-29,58500.0,59000.0,59900.0,58500.0,149200.0,-0.0085
2018-07-02,58500.0,58400.0,58700.0,55900.0,488920.0,0.0
2018-07-03,55100.0,58500.0,58500.0,55000.0,446650.0,-0.0581
2018-07-04,55600.0,56200.0,56500.0,54200.0,319770.0,0.0091
2018-07-05,52800.0,56000.0,56000.0,52800.0,498150.0,-0.0504
2018-07-06,54400.0,53000.0,56100.0,51800.0,683880.0,0.030299999999999997
2018-07-09,55000.0,55500.0,56900.0,55000.0,358880.0,0.011000000000000001
2018-07-10,55000.0,55000.0,56500.0,55000.0,301320.0,0.0
2018-07-11,54000.0,52500.0,54000.0,52100.0,406410.0,-0.0182
2018-07-12,53500.0,52800.0,54700.0,52800.0,139300.0,-0.009300000000000001
2018-07-13,54000.0,54000.0,54800.0,53800.0,266960.0,0.009300000000000001
2018-07-16,54400.0,54000.0,55000.0,53500.0,227950.0,0.0074
2018-07-17,54000.0,53900.0,54900.0,53000.0,308540.0,-0.0074
2018-07-18,57000.0,54800.0,57000.0,54600.0,771000.0,0.0556
2018-07-19,57600.0,57500.0,58200.0,56800.0,408530.0,0.0105
2018-07-20,56100.0,56600.0,57400.0,56100.0,480790.0,-0.026000000000000002
2018-07-23,57200.0,56500.0,58600.0,56000.0,628000.0,0.0196
2018-07-24,57000.0,57000.0,57800.0,56300.0,376550.0,-0.0034999999999999996
2018-07-25,56900.0,57400.0,58000.0,56900.0,436720.0,-0.0018
2018-07-26,56000.0,56800.0,56800.0,55700.0,407460.0,-0.0158
2018-07-27,56700.0,56000.0,57300.0,56000.0,287950.0,0.0125
2018-07-30,58000.0,57400.0,58000.0,57100.0,668090.0,0.0229
2018-07-31,60500.0,58000.0,61900.0,57700.0,1560000.0,0.0431
2018-08-01,61300.0,61000.0,62600.0,60600.0,747160.0,0.0132
2018-08-02,61700.0,61500.0,61800.0,60700.0,951560.0,0.006500000000000001
2018-08-03,62600.0,62000.0,64000.0,62000.0,1310000.0,0.0146
2018-08-06,63900.0,62600.0,64400.0,61800.0,701070.0,0.0208
2018-08-07,62600.0,63900.0,64000.0,62400.0,763020.0,-0.0203
2018-08-08,63000.0,63200.0,63800.0,62600.0,560540.0,0.0064
2018-08-09,62900.0,63900.0,64300.0,62000.0,848730.0,-0.0016
2018-08-10,63900.0,62900.0,63900.0,62100.0,665110.0,0.0159
2018-08-13,66500.0,63900.0,66500.0,63000.0,1370000.0,0.0407
2018-08-14,65600.0,66100.0,66200.0,65100.0,628640.0,-0.013500000000000002
2018-08-15,62800.0,65600.0,65700.0,62700.0,733050.0,-0.042699999999999995
2018-08-16,64600.0,61600.0,65000.0,61000.0,1440000.0,0.0287
2018-08-17,64200.0,64900.0,65200.0,64000.0,530720.0,-0.0062
2018-08-20,65500.0,64000.0,66500.0,64000.0,1130000.0,0.0202
2018-08-21,65800.0,65200.0,66400.0,64800.0,753180.0,0.0046
2018-08-22,65600.0,66500.0,67000.0,65500.0,681810.0,-0.003
2018-08-23,65900.0,66100.0,66600.0,65400.0,535200.0,0.0046
2018-08-24,68000.0,65500.0,68300.0,65500.0,2120000.0,0.0319
2018-08-27,68800.0,68000.0,69300.0,68000.0,893630.0,0.0118
2018-08-28,69000.0,68800.0,69400.0,68100.0,859970.0,0.0029
2018-08-29,67300.0,69000.0,69000.0,67000.0,1400000.0,-0.0246
2018-08-30,68800.0,67500.0,68800.0,66700.0,971010.0,0.0223
2018-08-31,67800.0,69000.0,69700.0,67800.0,465030.0,-0.014499999999999999
2018-09-04,67400.0,67800.0,68800.0,67200.0,735330.0,-0.0059
2018-09-05,67000.0,67100.0,67900.0,66300.0,1310000.0,-0.0059
2018-09-06,67100.0,66800.0,67600.0,66600.0,924700.0,0.0015
2018-09-07,67800.0,66900.0,67900.0,66800.0,592540.0,0.0104
2018-09-10,69500.0,67800.0,70300.0,67800.0,1880000.0,0.025099999999999997
2018-09-11,70000.0,69500.0,70300.0,69200.0,734210.0,0.0072
2018-09-12,71000.0,71000.0,71900.0,70300.0,1290000.0,0.0143
2018-09-13,69800.0,70800.0,71900.0,69500.0,1350000.0,-0.0169
2018-09-14,70600.0,69400.0,70700.0,68900.0,1150000.0,0.0115
2018-09-17,71200.0,70000.0,71900.0,69600.0,871820.0,0.0085
2018-09-18,71400.0,70500.0,71500.0,70100.0,613920.0,0.0028000000000000004
2018-09-19,70700.0,72000.0,72300.0,70700.0,887800.0,-0.0098
2018-09-20,71300.0,71100.0,71400.0,70600.0,701700.0,0.0085
2018-09-21,70800.0,71600.0,71700.0,70500.0,1790000.0,-0.006999999999999999
2018-09-24,73000.0,71300.0,73100.0,71000.0,1220000.0,0.0311
2018-09-25,73100.0,73300.0,73900.0,72900.0,842810.0,0.0014000000000000002
2018-09-26,72000.0,73100.0,73100.0,72000.0,1070000.0,-0.015
2018-09-27,72100.0,72000.0,72500.0,71500.0,786580.0,0.0014000000000000002
2018-09-28,71000.0,72000.0,72700.0,71000.0,798310.0,-0.015300000000000001
2018-10-01,71600.0,71000.0,72600.0,70900.0,905790.0,0.0085
2018-10-02,71000.0,72100.0,72400.0,70500.0,640350.0,-0.0084
2018-10-03,70700.0,71000.0,71100.0,70500.0,461970.0,-0.0042
2018-10-04,71500.0,71700.0,71700.0,70700.0,501260.0,0.0113
2018-10-05,69000.0,71000.0,71400.0,69000.0,761890.0,-0.035
2018-10-08,66800.0,68800.0,69000.0,66500.0,1450000.0,-0.0319
2018-10-09,67100.0,67500.0,67700.0,67000.0,547390.0,0.0045000000000000005
2018-10-10,67000.0,67700.0,67700.0,66800.0,431240.0,-0.0015
2018-10-11,62900.0,62500.0,65000.0,62400.0,1630000.0,-0.061200000000000004
2018-10-12,64200.0,62000.0,64400.0,62000.0,808250.0,0.0207
2018-10-15,62700.0,64400.0,64400.0,62000.0,556180.0,-0.023399999999999997
2018-10-16,63400.0,62700.0,63800.0,62500.0,392600.0,0.011200000000000002
2018-10-17,63400.0,64500.0,64900.0,63100.0,832180.0,0.0
2018-10-18,63000.0,63400.0,63500.0,62100.0,208850.0,-0.0063
2018-10-19,62000.0,62100.0,62400.0,60800.0,480870.0,-0.0159
2018-10-22,60400.0,62000.0,62800.0,60400.0,458870.0,-0.0258
2018-10-23,58000.0,60500.0,60500.0,56900.0,753750.0,-0.0397
2018-10-24,55800.0,57400.0,58500.0,55800.0,669070.0,-0.0379
2018-10-25,57300.0,53400.0,57300.0,53400.0,1020000.0,0.0269
2018-10-26,57700.0,58900.0,58900.0,57700.0,746900.0,0.006999999999999999
2018-10-29,57000.0,57000.0,57700.0,56400.0,368560.0,-0.0121
2018-10-30,57200.0,56000.0,58400.0,55900.0,521299.99999999994,0.0034999999999999996
2018-10-31,59500.0,57700.0,59700.0,57700.0,758610.0,0.04019999999999999
2018-11-01,58100.0,59300.0,60000.0,58000.0,420040.0,-0.0235
2018-11-02,60100.0,58500.0,60800.0,58400.0,653960.0,0.0344
2018-11-05,61000.0,59500.0,61400.0,59100.0,515190.00000000006,0.015
2018-11-06,60300.0,61500.0,61700.0,60300.0,542890.0,-0.0115
2018-11-07,59500.0,60300.0,60500.0,58700.0,681890.0,-0.013300000000000001
2018-11-08,59400.0,60000.0,60300.0,59400.0,363900.0,-0.0017000000000000001
2018-11-09,57000.0,59500.0,59600.0,57000.0,630020.0,-0.0404
2018-11-12,57800.0,56600.0,57900.0,55700.0,410770.0,0.013999999999999999
2018-11-13,56500.0,56500.0,57300.0,56400.0,333320.0,-0.0225
2018-11-14,55000.0,56100.0,57000.0,54800.0,787180.0,-0.0265
2018-11-15,55000.0,56000.0,56100.0,54800.0,481290.0,0.0
2018-11-16,56400.0,56000.0,56800.0,55500.0,412310.0,0.0255
2018-11-19,59000.0,57200.0,59000.0,57100.0,461690.0,0.0461
2018-11-20,58500.0,58200.0,59000.0,58000.0,374070.0,-0.0085
2018-11-21,58000.0,57000.0,58200.0,57000.0,341850.0,-0.0085
2018-11-22,58000.0,58700.0,58700.0,57700.0,280490.0,0.0
2018-11-23,58200.0,58000.0,59400.0,57600.0,482860.0,0.0034000000000000002
2018-11-26,58100.0,58100.0,58100.0,57500.0,188040.0,-0.0017000000000000001
2018-11-27,58100.0,58200.0,58800.0,57600.0,262840.0,0.0
2018-11-28,58300.0,58000.0,58400.0,57600.0,214830.0,0.0034000000000000002
2018-11-29,57400.0,58900.0,58900.0,57400.0,318590.0,-0.0154
2018-11-30,58000.0,57400.0,58000.0,57200.0,210900.0,0.0105
2018-12-03,61000.0,59200.0,61200.0,58600.0,992630.0,0.051699999999999996
2018-12-04,60700.0,61000.0,61700.0,60300.0,603600.0,-0.0049
2018-12-05,60800.0,60200.0,61900.0,59700.0,853640.0,0.0016
2018-12-06,60500.0,61000.0,61400.0,59900.0,496010.0,-0.0049
2018-12-07,61100.0,60500.0,61300.0,60500.0,379550.0,0.009899999999999999
2018-12-10,61400.0,61300.0,61800.0,61000.0,508290.0,0.0049
2018-12-11,60900.0,61300.0,61500.0,60600.0,279840.0,-0.008100000000000001
2018-12-12,61200.0,61400.0,61400.0,60800.0,314290.0,0.0049
2018-12-13,61000.0,61300.0,61900.0,61000.0,402150.0,-0.0033
2018-12-14,60000.0,61000.0,61600.0,59900.0,643270.0,-0.016399999999999998
2018-12-17,57000.0,59800.0,59900.0,57000.0,612200.0,-0.05
2018-12-18,56800.0,56900.0,57500.0,56200.0,766910.0,-0.0034999999999999996
2018-12-19,55800.0,56300.0,56800.0,55500.0,749450.0,-0.0176
2018-12-20,55900.0,55500.0,56500.0,55500.0,303240.0,0.0018
2018-12-21,57100.0,55800.0,57100.0,55000.0,400060.0,0.0215
2018-12-24,56600.0,57000.0,57100.0,56300.0,241060.0,-0.0088
2018-12-25,55300.0,56000.0,56000.0,54700.0,594180.0,-0.023
2018-12-26,55200.0,55300.0,56000.0,55200.0,185570.0,-0.0018
2018-12-27,56200.0,56800.0,56800.0,56000.0,254840.0,0.0181
2018-12-28,53000.0,56200.0,56400.0,53000.0,580760.0,-0.056900000000000006
2019-01-02,54400.0,54000.0,55500.0,54000.0,380020.0,0.0264
2019-01-03,53600.0,54400.0,55000.0,52500.0,450490.0,-0.0147
2019-01-04,54900.0,53000.0,55200.0,53000.0,302070.0,0.024300000000000002
2019-01-07,55200.0,55500.0,55700.0,55100.0,187920.0,0.0055000000000000005
2019-01-08,54100.0,55500.0,55500.0,53300.0,352050.0,-0.0199
2019-01-09,54200.0,54900.0,55200.0,54000.0,343920.0,0.0018
2019-01-10,55100.0,54800.0,55300.0,54400.0,280830.0,0.0166
2019-01-11,55300.0,55400.0,56000.0,55000.0,337760.0,0.0036
2019-01-14,54900.0,55300.0,55500.0,54100.0,125040.0,-0.0072
2019-01-15,55300.0,54900.0,55800.0,54600.0,230330.0,0.0073
2019-01-16,55500.0,56000.0,56300.0,55400.0,252480.0,0.0036
2019-01-17,54700.0,55500.0,55700.0,54700.0,197100.0,-0.0144
2019-01-18,54400.0,54700.0,55200.0,54400.0,188280.0,-0.0055000000000000005
2019-01-21,55300.0,55000.0,55900.0,54300.0,273200.0,0.0165
2019-01-22,53500.0,55000.0,55000.0,53400.0,729490.0,-0.0325
2019-01-23,53200.0,53000.0,53900.0,53000.0,486420.0,-0.005600000000000001
2019-01-24,53200.0,53200.0,53800.0,53100.0,653530.0,0.0
2019-01-25,53800.0,53200.0,53900.0,53200.0,169160.0,0.0113
2019-01-28,53500.0,54000.0,54200.0,53400.0,516669.99999999994,-0.005600000000000001
2019-01-29,53500.0,53400.0,53600.0,53100.0,311730.0,0.0
2019-01-30,53300.0,53500.0,53700.0,53300.0,452470.0,-0.0037
2019-01-31,53900.0,54000.0,54600.0,53300.0,911200.0,0.0113
2019-02-01,53500.0,53600.0,54200.0,53500.0,1200000.0,-0.0074
2019-02-11,55600.0,54700.0,55600.0,54200.0,746520.0,0.0393
2019-02-12,55700.0,56000.0,56300.0,55400.0,957300.0,0.0018
2019-02-13,57100.0,55700.0,57300.0,55700.0,1940000.0,0.025099999999999997
2019-02-14,56700.0,57000.0,57400.0,56600.0,1000000.0,-0.006999999999999999
2019-02-15,56700.0,56700.0,57600.0,56500.0,1350000.0,0.0
2019-02-18,59000.0,57000.0,59000.0,57000.0,2270000.0,0.0406
2019-02-19,57700.0,58800.0,59000.0,57500.0,1290000.0,-0.022000000000000002
2019-02-20,56800.0,57700.0,57700.0,56600.0,927820.0,-0.015600000000000001
2019-02-21,58300.0,56900.0,58400.0,56900.0,1720000.0,0.0264
2019-02-22,58500.0,57800.0,59000.0,57800.0,1130000.0,0.0034000000000000002
2019-02-25,58600.0,59000.0,59400.0,58600.0,1370000.0,0.0017000000000000001
2019-02-26,57000.0,58400.0,58500.0,57000.0,1460000.0,-0.0273
2019-02-27,56700.0,57500.0,57600.0,56400.0,1780000.0,-0.0053
2019-02-28,56500.0,57000.0,57500.0,56300.0,2530000.0,-0.0034999999999999996
2019-03-01,58600.0,56500.0,58700.0,56500.0,2080000.0,0.037200000000000004
2019-03-04,60400.0,58600.0,60800.0,58600.0,3430000.0,0.030699999999999998
2019-03-05,59400.0,59900.0,60600.0,59100.0,2690000.0,-0.0166
2019-03-06,61500.0,59500.0,61500.0,59400.0,3160000.0,0.0354
2019-03-07,61000.0,61500.0,62000.0,60900.0,1800000.0,-0.008100000000000001
2019-03-08,60500.0,60400.0,61500.0,60200.0,2530000.0,-0.008199999999999999
2019-03-11,60400.0,60500.0,60700.0,59800.0,2130000.0,-0.0017000000000000001
2019-03-12,62000.0,61200.0,62000.0,60800.0,2860000.0,0.0265
2019-03-13,61800.0,62000.0,62800.0,61600.0,2350000.0,-0.0032
2019-03-14,61200.0,62500.0,62500.0,61000.0,1530000.0,-0.0097
2019-03-15,62400.0,61200.0,62600.0,60900.0,2270000.0,0.0196
2019-03-18,62500.0,62400.0,63300.0,61700.0,1710000.0,0.0016
2019-03-19,62100.0,62500.0,62800.0,61800.0,1820000.0,-0.0064
2019-03-20,61700.0,61700.0,62000.0,60800.0,1700000.0,-0.0064
2019-03-21,59500.0,62000.0,62200.0,58000.0,2120000.0,-0.035699999999999996
2019-03-22,59000.0,59900.0,59900.0,58900.0,1610000.0,-0.0084
2019-03-25,58000.0,57900.0,58500.0,57400.0,1860000.0,-0.0169
2019-03-26,57700.0,58900.0,58900.0,57500.0,1210000.0,-0.0052
2019-03-27,58800.0,58900.0,59000.0,58000.0,621860.0,0.0191
2019-03-28,59500.0,58400.0,59700.0,58000.0,836530.0,0.011899999999999999
2019-03-29,59400.0,59500.0,60000.0,59300.0,1260000.0,-0.0017000000000000001
2019-04-01,61000.0,59700.0,61000.0,59700.0,1200000.0,0.0269
2019-04-02,60300.0,61500.0,61700.0,60200.0,655270.0,-0.0115
2019-04-03,60800.0,60300.0,61100.0,60200.0,829910.0,0.0083
2019-04-04,60800.0,60800.0,61100.0,60600.0,608720.0,0.0
2019-04-05,61400.0,60800.0,61500.0,60600.0,773290.0,0.009899999999999999
2019-04-08,62600.0,62000.0,62700.0,61500.0,1410000.0,0.0195
2019-04-09,61800.0,63000.0,63000.0,61800.0,1640000.0,-0.0128
2019-04-10,61000.0,61300.0,61800.0,60700.0,830410.0,-0.0129
2019-04-11,60800.0,61300.0,61300.0,60600.0,607620.0,-0.0033
2019-04-12,61000.0,60500.0,61100.0,60300.0,424050.0,0.0033
2019-04-16,61000.0,60200.0,61200.0,60200.0,775260.0,0.0
2019-04-17,61100.0,61300.0,62100.0,61100.0,1350000.0,0.0016
2019-04-18,60500.0,61000.0,61200.0,59800.0,538860.0,-0.0098
2019-04-19,60700.0,60600.0,61000.0,60400.0,457310.0,0.0033
2019-04-22,60500.0,60600.0,61200.0,60200.0,488510.0,-0.0033
2019-04-23,61300.0,60500.0,61600.0,60500.0,757150.0,0.0132
2019-04-24,61800.0,61400.0,61900.0,61400.0,790290.0,0.008199999999999999
2019-04-25,61500.0,61200.0,61700.0,61200.0,354690.0,-0.0049
2019-04-26,62300.0,61300.0,62400.0,61300.0,1410000.0,0.013000000000000001
2019-05-02,62500.0,62800.0,62800.0,62000.0,443010.0,0.0032
2019-05-03,61600.0,62500.0,62500.0,61600.0,332640.0,-0.0144
2019-05-06,61000.0,60800.0,61300.0,60500.0,1050000.0,-0.0097
2019-05-07,61200.0,61300.0,61700.0,61000.0,417000.0,0.0033
2019-05-08,60900.0,61000.0,61300.0,60500.0,415580.0,-0.0049
2019-05-09,60600.0,60900.0,61200.0,60500.0,536070.0,-0.0049
2019-05-10,61300.0,61100.0,61700.0,60700.0,327390.0,0.0116
2019-05-13,60800.0,61500.0,61500.0,60800.0,257440.0,-0.008199999999999999
2019-05-14,62400.0,60800.0,62400.0,60800.0,1070000.0,0.0263
2019-05-15,64400.0,62700.0,65000.0,62700.0,1830000.0,0.0321
2019-05-16,64400.0,64400.0,65000.0,64000.0,837330.0,0.0
2019-05-17,64800.0,64800.0,65500.0,64400.0,768370.0,0.0062
2019-05-20,66200.0,64800.0,66500.0,64500.0,1070000.0,0.0216
2019-05-21,65600.0,66200.0,66300.0,65200.0,736610.0,-0.0091
2019-05-22,66300.0,65900.0,66500.0,65600.0,988930.0,0.010700000000000001
2019-05-23,67500.0,66000.0,67500.0,65200.0,1140000.0,0.0181
2019-05-24,66000.0,66500.0,67000.0,65500.0,1470000.0,-0.0222
2019-05-27,63431.0,63431.0,63816.0,63143.0,653220.0,-0.038900000000000004
2019-05-28,64777.0,63816.0,64777.0,63335.0,760700.0,0.0212
2019-05-29,64200.0,64488.0,64488.0,63912.0,534840.0,-0.0089
2019-05-30,64800.0,65000.0,65200.0,64600.0,701090.0,0.009300000000000001
2019-05-31,63100.0,64500.0,64600.0,62900.0,1040000.0,-0.0262
2019-06-03,61300.0,60000.0,62500.0,60000.0,1010000.0,-0.0285
2019-06-04,62200.0,62000.0,62200.0,61300.0,385590.0,0.0147
2019-06-05,62000.0,63000.0,63000.0,61900.0,289450.0,-0.0032
2019-06-06,61700.0,60500.0,62300.0,60500.0,347040.0,-0.0048
2019-06-07,62400.0,62500.0,62500.0,61100.0,329820.0,0.0113
2019-06-10,62400.0,62400.0,63100.0,62200.0,277790.0,0.0
2019-06-11,62400.0,62100.0,62900.0,62100.0,371780.0,0.0
2019-06-12,61800.0,62400.0,62400.0,61800.0,276490.0,-0.0096
2019-06-13,61500.0,61300.0,62000.0,61200.0,188640.0,-0.0049
2019-06-14,61400.0,61900.0,62100.0,61400.0,138480.0,-0.0016
2019-06-17,61300.0,62000.0,62000.0,61100.0,204660.0,-0.0016
2019-06-18,61000.0,61100.0,61500.0,60700.0,210760.0,-0.0049
2019-06-19,61500.0,62000.0,62000.0,61200.0,207820.0,0.008199999999999999
2019-06-20,63500.0,61900.0,63900.0,61500.0,839620.0,0.0325
2019-06-21,63000.0,63600.0,64000.0,62700.0,501900.0,-0.0079
2019-06-24,62500.0,63000.0,63000.0,62200.0,489060.0,-0.0079
2019-06-25,61900.0,62400.0,62400.0,61700.0,589610.0,-0.0096
2019-06-26,62800.0,61900.0,62900.0,61900.0,296970.0,0.014499999999999999
2019-06-27,61900.0,62600.0,62900.0,61900.0,217100.0,-0.0143
2019-06-28,59500.0,62300.0,62500.0,59500.0,597200.0,-0.0388
2019-07-01,63300.0,62000.0,63300.0,61600.0,784510.0,0.0639
2019-07-02,64200.0,63400.0,64300.0,63300.0,2430000.0,0.014199999999999999
2019-07-03,64000.0,64100.0,64400.0,63800.0,1460000.0,-0.0031
2019-07-04,64300.0,64000.0,64400.0,63900.0,1760000.0,0.004699999999999999
2019-07-05,64500.0,64600.0,64700.0,64300.0,2260000.0,0.0031
2019-07-08,63900.0,64800.0,64800.0,63800.0,1660000.0,-0.009300000000000001
2019-07-09,64000.0,63900.0,64100.0,63500.0,1510000.0,0.0016
2019-07-10,64000.0,63900.0,64200.0,63800.0,1610000.0,0.0
2019-07-11,64600.0,64100.0,64700.0,64100.0,920080.0,0.009399999999999999
2019-07-12,64500.0,64800.0,64800.0,64400.0,3470000.0,-0.0015
2019-07-15,64600.0,64800.0,64900.0,64500.0,446330.0,0.0016
2019-07-16,64300.0,64500.0,64600.0,64100.0,2150000.0,-0.0046
2019-07-17,64300.0,64400.0,64600.0,64100.0,2690000.0,0.0
2019-07-18,64200.0,64300.0,64400.0,64100.0,2230000.0,-0.0016
2019-07-19,64100.0,64200.0,64400.0,64100.0,1470000.0,-0.0016
2019-07-22,64200.0,64000.0,64500.0,63800.0,1370000.0,0.0016
2019-07-23,64200.0,64200.0,64500.0,64100.0,1450000.0,0.0
2019-07-24,66000.0,64500.0,66200.0,64500.0,2630000.0,0.027999999999999997
2019-07-25,65700.0,66500.0,66500.0,65400.0,1070000.0,-0.0045000000000000005
2019-07-26,65800.0,65700.0,66400.0,65500.0,859570.0,0.0015
2019-07-29,64700.0,65700.0,65700.0,64200.0,1300000.0,-0.0167
2019-07-30,64600.0,64700.0,65400.0,64400.0,878760.0,-0.0015
2019-07-31,65500.0,64600.0,65500.0,64600.0,1000000.0,0.0139
2019-08-01,65000.0,65200.0,65500.0,64800.0,525830.0,-0.0076
2019-08-02,65000.0,64100.0,65300.0,63500.0,960480.0,0.0
2019-08-05,63100.0,65000.0,65000.0,63100.0,1320000.0,-0.0292
2019-08-06,61300.0,61500.0,62400.0,61200.0,1300000.0,-0.0285
2019-08-07,62000.0,61300.0,62400.0,61200.0,797090.0,0.011399999999999999
2019-08-08,62200.0,61500.0,62600.0,61400.0,457730.0,0.0032
2019-08-09,62200.0,62200.0,62500.0,62000.0,347730.0,0.0
2019-08-12,62400.0,62200.0,62500.0,61800.0,383980.0,0.0032
2019-08-13,63200.0,62400.0,63500.0,62000.0,691380.0,0.0128
2019-08-14,62400.0,63300.0,63600.0,62400.0,267530.0,-0.0127
2019-08-15,61500.0,61100.0,61900.0,61000.0,462000.0,-0.0144
2019-08-16,62400.0,61500.0,62400.0,61500.0,399760.0,0.0146
2019-08-19,62600.0,62400.0,63000.0,62400.0,150370.0,0.0032
2019-08-20,62500.0,62600.0,62700.0,62300.0,689610.0,-0.0016
2019-08-21,62600.0,62500.0,63200.0,62400.0,562620.0,0.0016
2019-08-22,62600.0,62800.0,62800.0,62500.0,125060.0,0.0
2019-08-23,62000.0,62900.0,62900.0,61800.0,192970.0,-0.0096
2019-08-26,60800.0,61400.0,61500.0,60500.0,594700.0,-0.0194
2019-08-27,61200.0,61000.0,61300.0,60500.0,569790.0,0.0066
2019-08-28,61000.0,61600.0,61600.0,60800.0,279140.0,-0.0033
2019-08-29,61000.0,61200.0,61200.0,60700.0,401390.0,0.0
2019-08-30,61500.0,61200.0,61800.0,61100.0,266590.0,0.008199999999999999
2019-09-03,60700.0,61400.0,61600.0,60700.0,191130.0,-0.013000000000000001
2019-09-04,60700.0,60500.0,60800.0,59900.0,339310.0,0.0
2019-09-05,61000.0,60800.0,61200.0,60700.0,203850.0,0.0049
2019-09-06,60600.0,61200.0,61200.0,60600.0,121490.0,-0.0066
2019-09-09,61900.0,60600.0,62100.0,60500.0,384500.0,0.0215
2019-09-10,62000.0,61900.0,62900.0,61900.0,512929.99999999994,0.0016
2019-09-11,61500.0,62100.0,62300.0,60900.0,151290.0,-0.008100000000000001
2019-09-12,61500.0,61900.0,62000.0,61300.0,124610.0,0.0
2019-09-13,61800.0,61000.0,62300.0,61000.0,183100.0,0.0049
2019-09-16,62600.0,63000.0,63200.0,62300.0,485880.0,0.0129
2019-09-17,62500.0,62700.0,62800.0,62000.0,143200.0,-0.0016
2019-09-18,61300.0,62400.0,62400.0,61200.0,405970.0,-0.0192
2019-09-19,61100.0,61300.0,61500.0,60900.0,216260.0,-0.0033
2019-09-20,61200.0,61100.0,61500.0,61100.0,312880.0,0.0016
2019-09-23,61600.0,61200.0,61800.0,61200.0,283030.0,0.006500000000000001
2019-09-24,60900.0,61600.0,61600.0,60900.0,356990.0,-0.011399999999999999
2019-09-25,60200.0,60900.0,60900.0,60200.0,426000.0,-0.0115
2019-09-26,60600.0,60200.0,60600.0,60000.0,353370.0,0.0066
2019-09-27,60500.0,60400.0,61200.0,60300.0,338900.0,-0.0017000000000000001
2019-09-30,60500.0,60800.0,60900.0,60300.0,328980.0,0.0
2019-10-01,60600.0,60500.0,60900.0,60200.0,259680.0,0.0017000000000000001
2019-10-02,60100.0,60600.0,60800.0,60100.0,318030.0,-0.0083
2019-10-03,60000.0,60000.0,60100.0,59100.0,286780.0,-0.0017000000000000001
2019-10-04,58000.0,59500.0,59500.0,58000.0,1600000.0,-0.0333
2019-10-07,58200.0,58000.0,58800.0,58000.0,514690.00000000006,0.0034000000000000002
2019-10-08,58300.0,58200.0,58400.0,57900.0,350280.0,0.0017000000000000001
2019-10-09,57800.0,58200.0,58200.0,57700.0,391020.0,-0.0086
2019-10-10,56900.0,57700.0,58200.0,56900.0,559760.0,-0.015600000000000001
2019-10-11,58500.0,57000.0,58500.0,57000.0,485200.0,0.0281
2019-10-14,58600.0,59000.0,59200.0,58600.0,242490.0,0.0017000000000000001
2019-10-15,58600.0,58600.0,58800.0,58500.0,184230.0,0.0
2019-10-16,58100.0,58600.0,58700.0,58000.0,267570.0,-0.0085
2019-10-17,57600.0,58100.0,58500.0,57400.0,251210.0,-0.0086
2019-10-18,57900.0,58000.0,58200.0,57700.0,132570.0,0.0052
2019-10-21,57500.0,57300.0,57900.0,57300.0,127700.0,-0.0069
2019-10-22,57500.0,57300.0,57800.0,57300.0,113800.0,0.0
2019-10-23,57200.0,57600.0,58000.0,57100.0,158830.0,-0.0052
2019-10-24,57500.0,57200.0,57500.0,57200.0,91820.0,0.0052
2019-10-25,57800.0,57800.0,57800.0,57500.0,79760.0,0.0052
2019-10-28,58000.0,57600.0,58300.0,57600.0,176010.0,0.0034999999999999996
2019-10-29,58300.0,57800.0,58600.0,57800.0,221780.0,0.0052
2019-10-30,59300.0,58200.0,59800.0,58100.0,440360.0,0.0172
2019-10-31,59300.0,59300.0,59500.0,58900.0,173690.0,0.0
2019-11-01,59400.0,59000.0,59500.0,58500.0,217150.0,0.0017000000000000001
2019-11-04,59600.0,59500.0,60200.0,59500.0,415000.0,0.0034000000000000002
2019-11-05,59700.0,59700.0,59900.0,59500.0,185570.0,0.0017000000000000001
2019-11-06,59200.0,59700.0,59700.0,59200.0,103730.0,-0.0084
2019-11-07,58900.0,59400.0,59400.0,58800.0,265630.0,-0.0051
2019-11-08,59000.0,58800.0,59200.0,58800.0,207400.0,0.0017000000000000001
2019-11-11,59100.0,59000.0,59400.0,58800.0,152130.0,0.0017000000000000001
2019-11-12,59600.0,59100.0,60100.0,59000.0,695520.0,0.0085
2019-11-13,59600.0,59800.0,60100.0,59500.0,470780.0,0.0
2019-11-14,60100.0,59600.0,60500.0,59600.0,467570.0,0.0084
2019-11-15,59900.0,60100.0,60200.0,59900.0,253570.0,-0.0033
2019-11-18,59200.0,60700.0,60700.0,59200.0,205630.0,-0.011699999999999999
2019-11-19,60000.0,59600.0,60000.0,59200.0,219050.0,0.013500000000000002
2019-11-20,59700.0,59700.0,60000.0,59500.0,306300.0,-0.005
2019-11-21,59700.0,59700.0,59900.0,59400.0,130770.00000000001,0.0
2019-11-22,58400.0,59500.0,59700.0,58200.0,321550.0,-0.0218
2019-11-25,59000.0,58400.0,59100.0,58400.0,271420.0,0.0103
2019-11-26,59200.0,59300.0,59700.0,59100.0,198130.0,0.0034000000000000002
2019-11-27,58600.0,59300.0,59400.0,58600.0,147990.0,-0.0101
2019-11-28,58000.0,58800.0,59100.0,57800.0,133830.0,-0.0102
2019-11-29,57600.0,58200.0,58500.0,57400.0,96980.0,-0.0069
2019-12-02,56700.0,57800.0,58100.0,56700.0,136100.0,-0.015600000000000001
2019-12-03,55900.0,56700.0,56700.0,55900.0,225720.0,-0.0141
2019-12-04,57000.0,55900.0,57000.0,55800.0,113620.0,0.0197
2019-12-05,56300.0,57000.0,57000.0,56300.0,88040.0,-0.0123
2019-12-06,56400.0,56900.0,56900.0,56300.0,19860.0,0.0018
2019-12-09,56300.0,56400.0,56900.0,56300.0,81150.0,-0.0018
2019-12-10,55600.0,56300.0,56300.0,54300.0,222890.0,-0.0124
2019-12-11,54700.0,55800.0,55800.0,54300.0,208350.0,-0.016200000000000003
2019-12-12,55200.0,54800.0,55400.0,54800.0,125260.0,0.0091
2019-12-13,55400.0,55300.0,55700.0,55200.0,127970.0,0.0036
2019-12-16,56200.0,55900.0,56200.0,55500.0,120880.0,0.0144
2019-12-17,55600.0,56200.0,56300.0,55500.0,67180.0,-0.010700000000000001
2019-12-18,55600.0,55300.0,55600.0,55300.0,121920.0,0.0
2019-12-19,55400.0,56000.0,56100.0,55100.0,60710.0,-0.0036
2019-12-20,56900.0,55400.0,56900.0,55400.0,205110.0,0.0271
2019-12-23,56100.0,56900.0,57300.0,56000.0,155940.0,-0.0141
2019-12-24,56100.0,56100.0,56700.0,56100.0,88060.0,0.0
2019-12-25,56100.0,56900.0,56900.0,55900.0,113790.0,0.0
2019-12-26,55900.0,55900.0,56100.0,55800.0,73400.0,-0.0036
2019-12-27,56400.0,55800.0,56600.0,55600.0,68050.0,0.0089
2019-12-30,56000.0,56700.0,56700.0,55900.0,102990.0,-0.0070999999999999995
2019-12-31,56000.0,56400.0,56400.0,55500.0,75980.0,0.0
2020-01-02,56500.0,56100.0,57100.0,55400.0,380760.0,0.0089
2020-01-03,57100.0,56600.0,58100.0,56600.0,586600.0,0.0106
2020-01-06,57300.0,58000.0,58000.0,57100.0,497990.0,0.0034999999999999996
2020-01-07,56500.0,57500.0,57500.0,56400.0,290780.0,-0.013999999999999999
2020-01-08,55700.0,57000.0,57000.0,55600.0,237220.0,-0.014199999999999999
2020-01-09,56200.0,55700.0,56300.0,55700.0,128139.99999999999,0.009000000000000001
2020-01-10,55700.0,56200.0,56500.0,55700.0,135340.0,-0.0089
2020-01-13,55900.0,55700.0,56200.0,55600.0,166780.0,0.0036
2020-01-14,55500.0,55800.0,55800.0,55200.0,94530.0,-0.0072
2020-01-15,55400.0,55500.0,55500.0,54700.0,176290.0,-0.0018
2020-01-16,55700.0,55500.0,56100.0,55200.0,176180.0,0.0054
2020-01-17,56200.0,56000.0,56800.0,56000.0,128190.0,0.009000000000000001
2020-01-20,56000.0,56200.0,56400.0,55700.0,265570.0,-0.0036
2020-01-21,56900.0,56400.0,57000.0,56300.0,605240.0,0.0161
2020-01-22,57300.0,56900.0,57700.0,56900.0,392620.0,0.006999999999999999
2020-01-30,55400.0,56000.0,56800.0,55400.0,314560.0,-0.0332
2020-01-31,53000.0,55700.0,55700.0,53000.0,672920.0,-0.0433
2020-02-03,51000.0,49550.0,51400.0,49300.0,594560.0,-0.0377
2020-02-04,50700.0,51800.0,52000.0,50000.0,578180.0,-0.0059
2020-02-05,51500.0,50800.0,52000.0,50800.0,186410.0,0.0158
2020-02-06,52000.0,51500.0,52300.0,51200.0,547380.0,0.0097
2020-02-07,51800.0,52300.0,52500.0,51700.0,345610.0,-0.0038
2020-02-10,51600.0,51300.0,51800.0,50700.0,357180.0,-0.0039000000000000003
2020-02-11,52800.0,51600.0,52800.0,51500.0,427820.0,0.0233
2020-02-12,52900.0,52800.0,53100.0,52800.0,637550.0,0.0019
2020-02-13,53300.0,52800.0,53800.0,52800.0,506100.0,0.0076
2020-02-14,53300.0,53300.0,53700.0,53200.0,612290.0,0.0
2020-02-17,53100.0,53300.0,53400.0,52700.0,371440.0,-0.0038
2020-02-18,52800.0,53000.0,53000.0,52600.0,254370.0,-0.005600000000000001
2020-02-19,52900.0,52900.0,53300.0,52800.0,337410.0,0.0019
2020-02-20,53200.0,53300.0,53500.0,53100.0,292760.0,0.005699999999999999
2020-02-21,52800.0,53400.0,53400.0,52800.0,288010.0,-0.0075
2020-02-24,50600.0,51500.0,52000.0,50300.0,441450.0,-0.0417
2020-02-25,50800.0,50400.0,51000.0,50100.0,282590.0,0.004
2020-02-26,50100.0,50700.0,50700.0,50100.0,290260.0,-0.0138
2020-02-27,51200.0,50100.0,51200.0,50100.0,238530.0,0.022000000000000002
2020-02-28,51600.0,50200.0,52100.0,50200.0,290640.0,0.0078000000000000005
2020-03-02,50800.0,51600.0,51600.0,50800.0,135280.0,-0.0155
2020-03-03,50300.0,51000.0,51500.0,50300.0,241940.0,-0.0098
2020-03-04,50300.0,50300.0,50600.0,50200.0,149030.0,0.0
2020-03-05,50300.0,50700.0,50800.0,50300.0,165440.0,0.0
2020-03-06,49700.0,50200.0,50200.0,49600.0,167080.0,-0.011899999999999999
2020-03-09,46250.0,46250.0,48000.0,46250.0,262470.0,-0.0694
2020-03-10,43800.0,43050.0,45000.0,43050.0,518640.0,-0.053
2020-03-11,40900.0,44800.0,44800.0,40750.0,385470.0,-0.0662
2020-03-12,38050.0,40000.0,40000.0,38050.0,465400.0,-0.0697
2020-03-13,36150.0,35400.0,38000.0,35400.0,845640.0,-0.0499
2020-03-16,36800.0,36300.0,38200.0,36300.0,632180.0,0.018000000000000002
2020-03-17,39350.0,37000.0,39350.0,36500.0,535980.0,0.0693
2020-03-18,42100.0,40900.0,42100.0,40000.0,880510.0,0.0699
2020-03-19,40100.0,41700.0,41800.0,40100.0,510280.0,-0.0475
2020-03-20,40600.0,41000.0,41500.0,40100.0,381290.0,0.0125
2020-03-23,37800.0,39100.0,39600.0,37800.0,585750.0,-0.069
2020-03-24,37500.0,37800.0,37900.0,35400.0,1150000.0,-0.0079
2020-03-25,40100.0,38500.0,40100.0,38500.0,469810.0,0.0693
2020-03-26,39450.0,40000.0,41000.0,39000.0,418920.0,-0.016200000000000003
2020-03-27,39500.0,39000.0,39600.0,38100.0,713230.0,0.0013
2020-03-30,35800.0,35100.0,37450.0,35100.0,728950.0,-0.09369999999999999
2020-03-31,36500.0,36000.0,37450.0,35500.0,383160.0,0.0196
2020-04-01,38900.0,36500.0,39000.0,36000.0,595360.0,0.0658
2020-04-03,39900.0,40200.0,40400.0,39300.0,851510.0,0.025699999999999997
2020-04-06,40100.0,40800.0,41050.0,39900.0,1920000.0,0.005
2020-04-07,38850.0,39100.0,39400.0,38100.0,1190000.0,-0.031200000000000002
2020-04-08,38400.0,38400.0,38800.0,38000.0,941540.0,-0.0116
2020-04-09,40000.0,39000.0,41000.0,39000.0,1940000.0,0.0417
2020-04-10,40750.0,40100.0,41500.0,39600.0,1640000.0,0.018799999999999997
2020-04-13,40350.0,40900.0,41400.0,40350.0,1330000.0,-0.0098
2020-04-14,39600.0,40350.0,40350.0,39000.0,1120000.0,-0.018600000000000002
2020-04-15,39900.0,39600.0,40450.0,39150.0,1210000.0,0.0076
2020-04-16,41000.0,40000.0,41400.0,39850.0,1950000.0,0.0276
2020-04-17,41400.0,41600.0,41650.0,40950.0,1590000.0,0.0098
2020-04-20,43900.0,41400.0,44100.0,41400.0,2470000.0,0.0604
2020-04-21,40850.0,41500.0,42900.0,40850.0,2650000.0,-0.0695
2020-04-22,40700.0,39000.0,40800.0,38800.0,1130000.0,-0.0037
2020-04-23,40700.0,41600.0,41600.0,40500.0,1230000.0,0.0
2020-04-24,41350.0,41000.0,41500.0,40600.0,1090000.0,0.016
2020-04-27,40200.0,41350.0,41350.0,40150.0,1100000.0,-0.0278
2020-04-28,39700.0,40200.0,40500.0,39050.0,1230000.0,-0.0124
2020-04-29,40300.0,39700.0,40600.0,39700.0,707440.0,0.0151
2020-05-04,40100.0,41350.0,41350.0,40000.0,883050.0,-0.005
2020-05-05,40400.0,39500.0,40650.0,39500.0,545090.0,0.0075
2020-05-06,41950.0,41200.0,42300.0,40900.0,1700000.0,0.0384
2020-05-07,42050.0,42000.0,42400.0,41600.0,1270000.0,0.0024
2020-05-08,43800.0,42200.0,44950.0,42200.0,2380000.0,0.0416
2020-05-11,44300.0,44000.0,44500.0,43650.0,1340000.0,0.011399999999999999
2020-05-12,45550.0,44300.0,46000.0,43400.0,1800000.0,0.0282
2020-05-13,45650.0,45550.0,46500.0,44600.0,1760000.0,0.0022
2020-05-14,45600.0,45600.0,45800.0,44850.0,995730.0,-0.0011
2020-05-15,44500.0,45900.0,45950.0,44500.0,1240000.0,-0.0241
2020-05-18,45350.0,44500.0,45500.0,44500.0,851610.0,0.0191
2020-05-19,46800.0,47500.0,47500.0,46300.0,1380000.0,0.032
2020-05-20,46850.0,46100.0,46850.0,46100.0,738990.0,0.0011
2020-05-21,47000.0,47000.0,47500.0,46500.0,1020000.0,0.0032
2020-05-22,46400.0,46900.0,46900.0,46200.0,795930.0,-0.0128
2020-05-25,46350.0,46400.0,46800.0,45500.0,625220.0,-0.0011
2020-05-26,46900.0,47000.0,47000.0,46400.0,626270.0,0.011899999999999999
2020-05-27,46900.0,47000.0,47650.0,46900.0,958690.0,0.0
2020-05-28,46800.0,46900.0,47000.0,46550.0,458950.0,-0.0021
2020-05-29,46150.0,46800.0,46850.0,46050.0,806010.0,-0.0139
2020-06-01,46300.0,46150.0,46700.0,46150.0,817190.0,0.0033
2020-06-02,46400.0,46800.0,47100.0,46150.0,1310000.0,0.0022
2020-06-03,46700.0,46900.0,47000.0,46500.0,508870.0,0.006500000000000001
2020-06-04,47150.0,47000.0,47400.0,46900.0,868580.0,0.0096
2020-06-05,47000.0,47200.0,47200.0,45400.0,586880.0,-0.0032
2020-06-08,48000.0,47400.0,48100.0,47300.0,1540000.0,0.0213
2020-06-09,47600.0,48000.0,48100.0,47400.0,670760.0,-0.0083
2020-06-10,47700.0,47600.0,47700.0,46600.0,690860.0,0.0021
2020-06-11,44400.0,48000.0,48000.0,44400.0,997810.0,-0.0692
2020-06-12,45200.0,42900.0,45200.0,42900.0,1060000.0,0.018000000000000002
2020-06-15,44000.0,45500.0,45500.0,43800.0,638070.0,-0.0265
2020-06-16,44300.0,44100.0,45200.0,44100.0,1060000.0,0.0068000000000000005
2020-06-17,45750.0,44300.0,45850.0,44300.0,2150000.0,0.0327
2020-06-18,46700.0,45600.0,47200.0,45600.0,1270000.0,0.0208
2020-06-19,46000.0,47200.0,47200.0,45900.0,1800000.0,-0.015
2020-06-22,46000.0,46000.0,46300.0,45100.0,2000000.0,0.0
2020-06-23,46250.0,45900.0,46500.0,45100.0,2110000.0,0.0054
2020-06-24,45900.0,46250.0,46250.0,45400.0,1880000.0,-0.0076
2020-06-25,45850.0,45400.0,45900.0,44800.0,1580000.0,-0.0011
2020-06-26,45800.0,46000.0,46200.0,45300.0,1790000.0,-0.0011
2020-06-29,44500.0,45650.0,45650.0,44250.0,2140000.0,-0.028399999999999998
2020-06-30,44500.0,44500.0,45200.0,44000.0,1470000.0,0.0
2020-07-01,45100.0,44600.0,45200.0,44000.0,1510000.0,0.013500000000000002
2020-07-02,45500.0,45400.0,45600.0,44450.0,1350000.0,0.0089
2020-07-03,45950.0,45500.0,46200.0,45200.0,599290.0,0.009899999999999999
2020-07-06,46400.0,45950.0,46500.0,45750.0,810350.0,0.0098
2020-07-07,46500.0,46800.0,46800.0,46000.0,583010.0,0.0022
2020-07-08,46500.0,46500.0,46500.0,46000.0,467240.0,0.0
2020-07-09,46550.0,46500.0,46700.0,46200.0,678930.0,0.0011
2020-07-10,46350.0,46400.0,46500.0,46150.0,340000.0,-0.0043
2020-07-13,46400.0,46300.0,46500.0,46250.0,580920.0,0.0011
2020-07-14,46400.0,46300.0,46400.0,45750.0,425960.0,0.0
2020-07-15,46450.0,46500.0,46600.0,46250.0,468770.0,0.0011
2020-07-16,46850.0,46600.0,47300.0,46600.0,878460.0,0.0086
2020-07-17,47500.0,46850.0,48300.0,46800.0,1340000.0,0.0139
2020-07-20,46400.0,47100.0,47250.0,46350.0,574960.0,-0.0232
2020-07-21,45900.0,46450.0,46500.0,45550.0,439810.0,-0.0108
2020-07-22,45300.0,46400.0,46400.0,45000.0,720410.0,-0.0131
2020-07-23,46000.0,45300.0,46150.0,45050.0,368860.0,0.0155
2020-07-24,45400.0,45800.0,46000.0,43950.0,876920.0,-0.013000000000000001
2020-07-27,42250.0,42500.0,43900.0,42250.0,1120000.0,-0.0694
2020-07-28,43600.0,42300.0,45000.0,42100.0,552420.0,0.032
2020-07-29,41550.0,43000.0,43500.0,41050.0,399820.0,-0.047
2020-07-30,42200.0,42000.0,42500.0,41800.0,173730.0,0.015600000000000001
2020-07-31,42200.0,41800.0,42600.0,41000.0,359580.0,0.0
2020-08-03,43750.0,42000.0,44150.0,42000.0,528550.0,0.036699999999999997
2020-08-04,44500.0,43750.0,44500.0,43100.0,382000.0,0.0171
2020-08-05,44450.0,44200.0,44800.0,44100.0,234150.0,-0.0011
2020-08-06,44600.0,44400.0,44800.0,44050.0,432920.0,0.0034000000000000002
2020-08-07,44600.0,44600.0,44700.0,44300.0,221640.0,0.0
2020-08-10,45200.0,44600.0,45400.0,44600.0,310330.0,0.013500000000000002
2020-08-11,45700.0,45200.0,45750.0,45150.0,549990.0,0.0111
2020-08-12,46500.0,45700.0,46500.0,45700.0,660600.0,0.0175
2020-08-13,46600.0,46500.0,47000.0,46350.0,380300.0,0.0022
2020-08-14,46600.0,46200.0,46650.0,46150.0,509440.0,0.0
2020-08-17,46200.0,46250.0,46500.0,45950.0,225870.0,-0.0086
2020-08-18,46050.0,46250.0,46250.0,45950.0,88390.0,-0.0032
2020-08-19,47000.0,46050.0,47000.0,45900.0,562910.0,0.0206
2020-08-20,46350.0,47000.0,47150.0,46300.0,429540.0,-0.0138
2020-08-21,46550.0,46350.0,46850.0,46350.0,548520.0,0.0043
2020-08-24,48500.0,46900.0,48600.0,46900.0,1040000.0,0.04190000000000001
2020-08-25,50400.0,49000.0,50500.0,49000.0,1230000.0,0.0392
2020-08-26,51400.0,50400.0,51500.0,50400.0,1300000.0,0.019799999999999998
2020-08-27,52800.0,51400.0,53000.0,51400.0,3330000.0,0.027200000000000002
2020-08-28,52300.0,52800.0,53000.0,52000.0,3800000.0,-0.0095
2020-08-31,52500.0,52100.0,53100.0,52000.0,3630000.0,0.0038
2020-09-01,52900.0,53000.0,53000.0,52100.0,2080000.0,0.0076
2020-09-03,52100.0,52300.0,52600.0,51400.0,2060000.0,-0.0151
2020-09-04,51600.0,51000.0,52100.0,50700.0,2920000.0,-0.0096
2020-09-07,51100.0,51500.0,51900.0,50800.0,2220000.0,-0.0097
2020-09-08,51200.0,51500.0,51800.0,50800.0,1440000.0,0.002
2020-09-09,50900.0,50800.0,51000.0,50500.0,1610000.0,-0.0059
2020-09-10,50100.0,51100.0,51200.0,50000.0,1510000.0,-0.015700000000000002
2020-09-11,49700.0,50100.0,50300.0,49700.0,1430000.0,-0.008
2020-09-14,49800.0,49900.0,50000.0,49650.0,1310000.0,0.002
2020-09-15,49500.0,49800.0,49900.0,49000.0,1660000.0,-0.006
2020-09-16,50800.0,49700.0,50800.0,49700.0,221840.0,0.0263
2020-09-17,50000.0,51000.0,51100.0,49850.0,210810.0,-0.015700000000000002
2020-09-18,50400.0,50000.0,50600.0,50000.0,518559.99999999994,0.008
2020-09-21,50700.0,50900.0,50900.0,50300.0,473020.0,0.006
2020-09-22,50400.0,50700.0,50700.0,50200.0,170700.0,-0.0059
2020-09-23,51600.0,50400.0,51700.0,50200.0,583370.0,0.023799999999999998
2020-09-24,51700.0,51700.0,51800.0,51000.0,273970.0,0.0019
2020-09-25,51600.0,51500.0,51700.0,50900.0,178820.0,-0.0019
2020-09-28,51300.0,51700.0,51700.0,51000.0,177110.0,-0.0058
2020-09-29,50600.0,51200.0,51600.0,50600.0,244710.0,-0.013600000000000001
2020-09-30,50300.0,50600.0,50800.0,50000.0,178430.0,-0.0059
2020-10-01,50800.0,51000.0,51000.0,50500.0,145990.0,0.009899999999999999
2020-10-02,50600.0,50600.0,50800.0,50200.0,232550.0,-0.0039000000000000003
2020-10-05,50200.0,50600.0,50700.0,50200.0,256339.99999999997,-0.0079
2020-10-06,50200.0,50800.0,50800.0,50100.0,245460.0,0.0
2020-10-07,49900.0,50000.0,50300.0,49900.0,485060.0,-0.006
2020-10-08,49800.0,50000.0,50200.0,49800.0,137770.0,-0.002
2020-10-09,49750.0,49800.0,50200.0,49750.0,218150.0,-0.001
2020-10-12,49350.0,49800.0,50000.0,49250.0,282010.0,-0.008
2020-10-13,49350.0,49300.0,49900.0,49250.0,167150.0,0.0
2020-10-14,49500.0,49350.0,49500.0,49200.0,678810.0,0.003
2020-10-15,49800.0,49900.0,50600.0,49800.0,460270.0,0.0060999999999999995
2020-10-16,49950.0,49600.0,50200.0,49600.0,251320.0,0.003
2020-10-19,49350.0,50000.0,50000.0,49300.0,678150.0,-0.012
2020-10-20,49100.0,49000.0,49500.0,48650.0,571730.0,-0.0051
2020-10-21,48900.0,49100.0,49500.0,48700.0,287910.0,-0.0040999999999999995
2020-10-22,49400.0,49000.0,49400.0,48550.0,179460.0,0.0102
2020-10-23,49500.0,49700.0,49700.0,49100.0,238360.0,0.002
2020-10-26,50000.0,49500.0,50000.0,49200.0,266000.0,0.0101
2020-10-27,49400.0,49500.0,50000.0,49300.0,163610.0,-0.012
2020-10-28,47500.0,48800.0,49200.0,47500.0,247080.0,-0.0385
2020-10-29,48200.0,47300.0,48500.0,47200.0,211090.0,0.0147
2020-10-30,49000.0,48200.0,49000.0,47100.0,523960.00000000006,0.0166
2020-11-02,48350.0,48500.0,48700.0,48250.0,122440.0,-0.013300000000000001
2020-11-03,48300.0,48700.0,48800.0,48300.0,80450.0,-0.001
2020-11-04,48800.0,48400.0,49150.0,48400.0,199140.0,0.0104
2020-11-05,48700.0,48900.0,49150.0,48700.0,255810.0,-0.002
2020-11-06,48300.0,48750.0,48800.0,48000.0,147850.0,-0.008199999999999999
2020-11-09,48500.0,48300.0,48700.0,48300.0,266160.0,0.0040999999999999995
2020-11-10,48850.0,49900.0,49900.0,45150.0,1110000.0,0.0072
2020-11-11,48850.0,49000.0,49600.0,48350.0,512860.0,0.0
2020-11-12,48600.0,48850.0,49100.0,48450.0,356940.0,-0.0051
2020-11-13,48800.0,48300.0,48800.0,48050.0,459050.0,0.0040999999999999995
2020-11-16,48150.0,49000.0,49300.0,48150.0,896740.0,-0.013300000000000001
2020-11-17,48400.0,48400.0,48600.0,48150.0,468290.0,0.0052
2020-11-18,48400.0,48600.0,48750.0,48350.0,485750.0,0.0
2020-11-19,50700.0,48700.0,51400.0,48600.0,1880000.0,0.0475
2020-11-20,50600.0,50900.0,51100.0,50600.0,705480.0,-0.002
2020-11-23,50700.0,50700.0,51300.0,49900.0,776920.0,0.002
2020-11-24,50200.0,50800.0,50900.0,49600.0,886820.0,-0.009899999999999999
2020-11-25,50400.0,51000.0,51000.0,50200.0,694950.0,0.004
2020-11-26,51400.0,50300.0,52200.0,50200.0,1630000.0,0.019799999999999998
2020-11-27,51300.0,51400.0,51900.0,50900.0,627770.0,-0.0019
2020-11-30,50800.0,51400.0,51600.0,50800.0,515419.99999999994,-0.0097
2020-12-01,50600.0,50000.0,50800.0,49500.0,907360.0,-0.0039000000000000003
2020-12-02,50900.0,50600.0,51400.0,50000.0,632830.0,0.0059
2020-12-03,50600.0,51300.0,51300.0,50300.0,688180.0,-0.0059
2020-12-04,50800.0,50900.0,51600.0,50600.0,901290.0,0.004
2020-12-07,51300.0,51400.0,51400.0,51000.0,534840.0,0.0098
2020-12-08,50700.0,51300.0,51400.0,50600.0,768990.0,-0.011699999999999999
2020-12-09,52300.0,50900.0,53000.0,50700.0,1540000.0,0.0316
2020-12-10,51600.0,52300.0,53000.0,51600.0,906890.0,-0.0134
2020-12-11,53000.0,52500.0,53000.0,51700.0,1130000.0,0.0271
2020-12-14,54500.0,53300.0,54500.0,53200.0,1160000.0,0.028300000000000002
2020-12-15,53900.0,54000.0,55000.0,53500.0,1250000.0,-0.011000000000000001
2020-12-16,53700.0,53800.0,54000.0,53500.0,651030.0,-0.0037
2020-12-17,52300.0,53400.0,53700.0,51800.0,1370000.0,-0.026099999999999998
2020-12-18,53800.0,52300.0,53800.0,52300.0,839990.0,0.0287
2020-12-21,54000.0,54000.0,54100.0,53200.0,838750.0,0.0037
2020-12-22,53200.0,53200.0,53800.0,53000.0,640360.0,-0.0148
2020-12-23,53100.0,53100.0,54300.0,53100.0,866960.0,-0.0019
2020-12-24,52700.0,53400.0,53800.0,49500.0,833500.0,-0.0075
2020-12-25,53100.0,52800.0,53200.0,52000.0,394190.0,0.0076
2020-12-28,54800.0,53800.0,55400.0,53100.0,1760000.0,0.032
2020-12-29,54700.0,55000.0,55700.0,54100.0,1170000.0,-0.0018
2020-12-30,54900.0,54900.0,55500.0,54500.0,456950.0,0.0037
2020-12-31,54600.0,54600.0,55000.0,54500.0,566460.0,-0.0055000000000000005
2021-01-04,54900.0,55000.0,55900.0,54600.0,1330000.0,0.0055000000000000005
2021-01-05,55100.0,55000.0,55600.0,54600.0,746800.0,0.0036
2021-01-06,55300.0,55900.0,56700.0,55200.0,691800.0,0.0036
2021-01-07,55600.0,55500.0,56300.0,55200.0,755500.0,0.0054
2021-01-08,56200.0,56100.0,57700.0,55800.0,1310000.0,0.0108
2021-01-11,57300.0,57900.0,58500.0,56900.0,1140000.0,0.0196
2021-01-12,57300.0,57400.0,57900.0,56800.0,656300.0,0.0
2021-01-13,57000.0,57900.0,58000.0,56900.0,792700.0,-0.0052
2021-01-14,56200.0,56600.0,57200.0,56000.0,1190000.0,-0.013999999999999999
2021-01-15,56000.0,56200.0,56600.0,55300.0,1240000.0,-0.0036
2021-01-18,56100.0,56000.0,57200.0,55500.0,1240000.0,0.0018
2021-01-19,53000.0,56500.0,56500.0,52500.0,805900.0,-0.0553
2021-01-20,53300.0,53200.0,54000.0,52000.0,1370000.0,0.005699999999999999
2021-01-21,54900.0,54300.0,55000.0,53500.0,961300.0,0.03
2021-01-22,54300.0,55000.0,55800.0,54300.0,990800.0,-0.0109
2021-01-25,53900.0,54800.0,54800.0,53900.0,906400.0,-0.0074
2021-01-26,52600.0,53900.0,54500.0,52100.0,1200000.0,-0.0241
2021-01-27,50700.0,52600.0,52900.0,50600.0,1170000.0,-0.0361
2021-01-28,47200.0,48700.0,49800.0,47200.0,1590000.0,-0.069
2021-01-29,49000.0,45500.0,50500.0,45500.0,734900.0,0.0381
2021-02-01,48500.0,49000.0,50000.0,48100.0,693200.0,-0.0102
2021-02-02,49700.0,48500.0,50100.0,48200.0,1080000.0,0.024700000000000003
2021-02-03,50500.0,49900.0,51200.0,49900.0,707800.0,0.0161
2021-02-04,51300.0,51000.0,51300.0,50300.0,364700.0,0.0158
2021-02-05,52200.0,51300.0,52200.0,51300.0,570400.0,0.0175
2021-02-08,52000.0,52800.0,54000.0,50100.0,2089999.9999999998,-0.0038
2021-02-09,53000.0,51500.0,53100.0,50800.0,1330000.0,0.0192
2021-02-17,55700.0,54300.0,55800.0,53100.0,1270000.0,0.0509
2021-02-18,56100.0,55900.0,56300.0,55500.0,1300000.0,0.0072
2021-02-19,56200.0,55600.0,56300.0,55200.0,1470000.0,0.0018
2021-02-22,57200.0,56200.0,58000.0,56100.0,2130000.0,0.0178
2021-02-23,56800.0,57900.0,57900.0,56300.0,1310000.0,-0.006999999999999999
2021-02-24,57300.0,58000.0,58000.0,56300.0,1970000.0,0.0088
2021-02-25,58400.0,58000.0,59000.0,57300.0,2470000.0,0.0192
2021-02-26,58200.0,57000.0,58200.0,57000.0,1320000.0,-0.0034000000000000002
2021-03-01,59000.0,58300.0,59100.0,58200.0,5290000.0,0.0137
2021-03-02,58600.0,59500.0,59600.0,58500.0,3860000.0,-0.0068000000000000005
2021-03-03,58500.0,58600.0,58700.0,58100.0,4290000.0,-0.0017000000000000001
2021-03-04,57800.0,58500.0,58900.0,56000.0,4350000.0,-0.012
2021-03-05,58000.0,58100.0,58500.0,57500.0,4890000.0,0.0034999999999999996
2021-03-08,58400.0,59200.0,59200.0,57900.0,3850000.0,0.0069
2021-03-09,56600.0,58000.0,58000.0,56500.0,4099999.9999999995,-0.0308
2021-03-10,55800.0,56500.0,56600.0,55600.0,4300000.0,-0.0141
2021-03-11,55600.0,56100.0,57000.0,55300.0,2910000.0,-0.0036
2021-03-12,55600.0,56200.0,56500.0,55600.0,2130000.0,0.0
2021-03-15,57100.0,55200.0,58000.0,55200.0,4550000.0,0.027000000000000003
2021-03-16,57800.0,57000.0,58000.0,56200.0,4960000.0,0.0123
2021-03-17,57800.0,57200.0,57900.0,57200.0,4740000.0,0.0
2021-03-18,57700.0,57800.0,57900.0,57500.0,3440000.0,-0.0017000000000000001
2021-03-19,56300.0,56700.0,57000.0,55600.0,4490000.0,-0.024300000000000002
2021-03-22,56000.0,56300.0,56800.0,56000.0,963700.0,-0.0053
2021-03-23,57200.0,56000.0,57600.0,55800.0,1750000.0,0.021400000000000002
2021-03-24,56300.0,56800.0,56800.0,56000.0,1690000.0,-0.015700000000000002
2021-03-25,56200.0,56100.0,56500.0,55800.0,889500.0,-0.0018
2021-03-26,55900.0,55900.0,56000.0,53000.0,1150000.0,-0.0053
2021-03-29,55600.0,56500.0,56600.0,55600.0,662600.0,-0.0054
2021-03-30,55500.0,55600.0,56100.0,55400.0,969300.0,-0.0018
2021-03-31,55100.0,55500.0,56700.0,55100.0,935900.0,-0.0072
2021-04-01,56300.0,55100.0,56400.0,55100.0,679900.0,0.0218
2021-04-02,56500.0,56600.0,57000.0,56400.0,1050000.0,0.0036
2021-04-05,55900.0,57500.0,57500.0,55600.0,1660000.0,-0.0106
2021-04-06,55800.0,55400.0,56000.0,55300.0,1110000.0,-0.0018
2021-04-07,55800.0,55500.0,55800.0,55300.0,1260000.0,0.0
2021-04-08,55900.0,56000.0,56300.0,55600.0,740900.0,0.0018
2021-04-09,55900.0,55900.0,56300.0,55700.0,749700.0,0.0
2021-04-12,55900.0,55500.0,56000.0,55500.0,1620000.0,0.0
2021-04-13,54900.0,56000.0,56100.0,54900.0,1440000.0,-0.0179
2021-04-14,55200.0,54900.0,55500.0,54400.0,844600.0,0.0055000000000000005
2021-04-15,54400.0,55600.0,56200.0,53800.0,2120000.0,-0.014499999999999999
2021-04-16,52800.0,54600.0,54600.0,52000.0,1470000.0,-0.0294
2021-04-19,52500.0,52800.0,53200.0,52500.0,1410000.0,-0.005699999999999999
2021-04-20,52900.0,53000.0,54000.0,52500.0,1360000.0,0.0076
2021-04-22,51000.0,52100.0,52900.0,51000.0,1490000.0,-0.0359
2021-04-23,51000.0,51000.0,51400.0,50400.0,2180000.0,0.0
2021-04-26,49950.0,52000.0,52000.0,49650.0,1130000.0,-0.0206
2021-04-27,48600.0,49950.0,50000.0,48600.0,2049999.9999999998,-0.027000000000000003
2021-04-28,50000.0,48800.0,50200.0,48700.0,1400000.0,0.0288
2021-04-29,50300.0,50500.0,50600.0,49600.0,1040000.0,0.006
2021-05-04,49650.0,50000.0,50000.0,49000.0,1100000.0,-0.0129
2021-05-05,50900.0,50500.0,52200.0,50200.0,1450000.0,0.0252
2021-05-06,50800.0,49500.0,51800.0,49500.0,1040000.0,-0.002
2021-05-07,50700.0,50600.0,50900.0,50100.0,1860000.0,-0.002
2021-05-10,53300.0,50800.0,53500.0,50700.0,2940000.0,0.0513
2021-05-11,53000.0,53500.0,53700.0,53000.0,1710000.0,-0.005600000000000001
2021-05-12,53300.0,52800.0,53600.0,52800.0,2190000.0,0.005699999999999999
2021-05-13,54000.0,53400.0,54300.0,53200.0,2040000.0,0.0131
2021-05-14,54800.0,54200.0,54900.0,54000.0,2380000.0,0.0148
2021-05-17,54000.0,55500.0,55600.0,53900.0,2310000.0,-0.0146
2021-05-18,54000.0,54000.0,54400.0,53500.0,2400000.0,0.0
2021-05-19,54200.0,54500.0,55300.0,54100.0,2810000.0,0.0037
2021-05-20,54400.0,54600.0,54800.0,53500.0,1480000.0,0.0037
2021-05-21,57400.0,54300.0,57400.0,53800.0,2250000.0,0.055099999999999996
2021-05-24,56300.0,56600.0,56600.0,55600.0,3110000.0,-0.0192
2021-05-25,56200.0,56300.0,56400.0,55600.0,3990000.0,-0.0018
2021-05-26,55300.0,56000.0,56000.0,55100.0,4820000.0,-0.016
2021-05-27,53900.0,55000.0,55200.0,53800.0,4230000.0,-0.0253
2021-05-28,54800.0,54500.0,55000.0,53800.0,4139999.9999999995,0.0167
2021-05-31,54600.0,54200.0,55000.0,54100.0,4350000.0,-0.0036
2021-06-01,54700.0,55000.0,55600.0,54500.0,2060000.0,0.0018
2021-06-02,55200.0,55000.0,56000.0,54700.0,4810000.0,0.0091
2021-06-03,55400.0,55900.0,55900.0,55100.0,4370000.0,0.0036
2021-06-04,57200.0,55400.0,57500.0,54600.0,5910000.0,0.0325
2021-06-07,56600.0,57800.0,58000.0,55000.0,6460000.0,-0.0105
2021-06-08,54700.0,56000.0,56400.0,54600.0,5830000.0,-0.0336
2021-06-09,53800.0,54600.0,54900.0,53100.0,4050000.0,-0.0165
2021-06-10,52500.0,53700.0,53800.0,52200.0,3100000.0,-0.0242
2021-06-11,54000.0,53000.0,54200.0,52600.0,5130000.0,0.0286
2021-06-14,55000.0,54800.0,55400.0,54100.0,6390000.0,0.018500000000000003
2021-06-15,54800.0,54900.0,55500.0,54000.0,7000000.0,-0.0036
2021-06-16,56000.0,55100.0,56800.0,55100.0,4150000.0000000005,0.0219
2021-06-17,56700.0,55500.0,57100.0,55000.0,3100000.0,0.0125
2021-06-18,56500.0,56500.0,56900.0,56200.0,2320000.0,-0.0034999999999999996
2021-06-21,58600.0,57100.0,59100.0,56900.0,6570000.0,0.037200000000000004
2021-06-22,58600.0,59300.0,59500.0,58500.0,3670000.0,0.0
2021-06-23,56500.0,57500.0,57700.0,56300.0,2790000.0,-0.0358
2021-06-24,56000.0,56200.0,56900.0,55600.0,2590000.0,-0.0088
2021-06-25,56500.0,56000.0,56900.0,55700.0,1840000.0,0.0089
2021-06-28,57100.0,57500.0,57500.0,56700.0,2440000.0,0.0106
2021-06-29,56200.0,56600.0,57000.0,55500.0,2490000.0,-0.0158
2021-06-30,54800.0,55900.0,56400.0,54800.0,2340000.0,-0.024900000000000002
2021-07-01,55500.0,54900.0,56000.0,54000.0,2310000.0,0.0128
2021-07-02,55400.0,56200.0,56300.0,55300.0,1270000.0,-0.0018
2021-07-05,54500.0,55400.0,55700.0,53800.0,2150000.0,-0.016200000000000003
2021-07-06,51700.0,55500.0,55500.0,51700.0,1960000.0,-0.051399999999999994
2021-07-07,53200.0,51700.0,53200.0,51000.0,2290000.0,0.028999999999999998
2021-07-08,52300.0,52100.0,53000.0,51900.0,1590000.0,-0.0169
2021-07-09,50800.0,51800.0,52900.0,49800.0,2490000.0,-0.0287
2021-07-12,49650.0,51100.0,51100.0,48300.0,2700000.0,-0.0226
2021-07-13,51000.0,50000.0,51200.0,49850.0,1200000.0,0.027200000000000002
2021-07-14,50900.0,51300.0,51800.0,50100.0,1160000.0,-0.002
2021-07-15,50900.0,50200.0,51400.0,50100.0,1030000.0,0.0
2021-07-16,51100.0,51000.0,51500.0,50900.0,1040000.0,0.0039000000000000003
2021-07-19,49000.0,49500.0,50100.0,48500.0,1310000.0,-0.041100000000000005
2021-07-20,49350.0,48800.0,49400.0,47800.0,1880000.0,0.0070999999999999995
2021-07-21,50000.0,50000.0,50500.0,49750.0,1130000.0,0.0132
2021-07-22,50900.0,50000.0,51200.0,50000.0,784100.0,0.018000000000000002
2021-07-23,50200.0,50600.0,50900.0,50100.0,1000000.0,-0.0138
2021-07-26,49900.0,49600.0,50000.0,49300.0,1070000.0,-0.006
2021-07-27,50300.0,50500.0,50900.0,50000.0,975000.0,0.008
2021-07-28,50500.0,50200.0,50800.0,50000.0,464600.0,0.004
2021-07-29,51000.0,50500.0,51000.0,49950.0,1720000.0,0.009899999999999999
2021-07-30,51300.0,51200.0,51700.0,50800.0,1310000.0,0.0059
2021-08-02,51500.0,51500.0,52000.0,51100.0,872300.0,0.0039000000000000003
2021-08-03,51200.0,51500.0,51600.0,50900.0,1240000.0,-0.0058
2021-08-04,52300.0,51500.0,52900.0,51000.0,2069999.9999999998,0.0215
2021-08-05,52400.0,52400.0,52900.0,51900.0,806900.0,0.0019
2021-08-06,52900.0,52800.0,53300.0,52600.0,1720000.0,0.0095
2021-08-09,52900.0,52600.0,53100.0,52000.0,1710000.0,0.0
2021-08-10,53800.0,52800.0,53900.0,52500.0,4110000.0000000005,0.017
2021-08-11,53400.0,53800.0,54100.0,53400.0,2800000.0,-0.0074
2021-08-12,53000.0,53000.0,53700.0,53000.0,2150000.0,-0.0075
2021-08-13,52900.0,52600.0,53000.0,51900.0,2830000.0,-0.0019
2021-08-16,52100.0,52700.0,52700.0,51000.0,1050000.0,-0.0151
2021-08-17,51600.0,52200.0,52500.0,51600.0,1350000.0,-0.0096
2021-08-18,51600.0,51600.0,51900.0,51300.0,1020000.0,0.0
2021-08-19,51500.0,51600.0,51800.0,51100.0,1010000.0,-0.0019
2021-08-20,49600.0,51700.0,51700.0,49500.0,1980000.0,-0.0369
2021-08-23,48500.0,49400.0,49900.0,48500.0,1800000.0,-0.0222
2021-08-24,48800.0,49000.0,49300.0,48500.0,1280000.0,0.0062
2021-08-25,49550.0,49150.0,49850.0,49000.0,1160000.0,0.0154
2021-08-26,48700.0,49650.0,50100.0,48700.0,754100.0,-0.0172
2021-08-27,49500.0,48550.0,49500.0,48550.0,797100.0,0.016399999999999998
2021-08-30,49550.0,49900.0,50100.0,49400.0,831900.0,0.001
2021-08-31,49700.0,50000.0,50000.0,49500.0,1100000.0,0.003
2021-09-01,50800.0,49800.0,51100.0,49700.0,1320000.0,0.022099999999999998
2021-09-06,51100.0,51200.0,51900.0,50800.0,1380000.0,0.0059
2021-09-07,50400.0,51100.0,51400.0,50100.0,1210000.0,-0.0137
2021-09-08,49300.0,50400.0,50500.0,49300.0,915600.0,-0.0218
2021-09-09,50600.0,49500.0,50800.0,49500.0,746700.0,0.0264
2021-09-10,50500.0,50900.0,51000.0,50500.0,702400.0,-0.002
2021-09-13,50300.0,50800.0,51100.0,50300.0,1200000.0,-0.004
2021-09-14,50100.0,50800.0,50800.0,50100.0,648500.0,-0.004
2021-09-15,50900.0,50100.0,50900.0,50100.0,847800.0,0.016
2021-09-16,51000.0,51300.0,51800.0,50800.0,1010000.0,0.002
2021-09-17,50700.0,51300.0,51300.0,50700.0,893600.0,-0.0059
2021-09-20,50000.0,50700.0,51300.0,50000.0,1140000.0,-0.0138
2021-09-21,49600.0,49500.0,50000.0,49300.0,981600.0,-0.008
2021-09-22,50100.0,49800.0,50600.0,49600.0,553000.0,0.0101
2021-09-23,50200.0,50500.0,50900.0,50000.0,919700.0,0.002
2021-09-24,50000.0,50500.0,50900.0,49850.0,951000.0,-0.004
2021-09-27,50100.0,50600.0,50900.0,50100.0,1500000.0,0.002
2021-09-28,51100.0,50200.0,51600.0,50100.0,2250000.0,0.02
2021-09-29,52000.0,51400.0,52500.0,51000.0,2210000.0,0.0176
2021-09-30,51600.0,52300.0,52400.0,51500.0,969100.0,-0.0077
2021-10-01,51900.0,51300.0,52300.0,51200.0,2380000.0,0.0058
2021-10-04,53800.0,53000.0,54200.0,52800.0,3730000.0,0.0366
2021-10-05,53900.0,54500.0,54500.0,53600.0,1390000.0,0.0019
2021-10-06,53900.0,54200.0,54500.0,53500.0,1460000.0,0.0
2021-10-07,54000.0,53500.0,54500.0,52500.0,2780000.0,0.0019
2021-10-08,53900.0,54300.0,54300.0,53500.0,975300.0,-0.0019
2021-10-11,54900.0,55300.0,55300.0,54400.0,1870000.0,0.018600000000000002
2021-10-12,55000.0,54900.0,55400.0,54200.0,2970000.0,0.0018
2021-10-13,53800.0,54700.0,55100.0,53800.0,1770000.0,-0.0218
2021-10-14,53900.0,53900.0,54300.0,53700.0,1630000.0,0.0019
2021-10-15,53600.0,54300.0,54300.0,53400.0,1830000.0,-0.005600000000000001
2021-10-18,54400.0,53800.0,54900.0,53700.0,2100000.0,0.0149
2021-10-19,54800.0,54300.0,55100.0,54000.0,1200000.0,0.0074
2021-10-20,53900.0,54900.0,54900.0,53200.0,1180000.0,-0.016399999999999998
2021-10-21,53500.0,54400.0,54400.0,53500.0,1130000.0,-0.0074
2021-10-22,52900.0,53500.0,53900.0,52700.0,1580000.0,-0.011200000000000002
2021-10-25,54100.0,53400.0,54800.0,53000.0,1070000.0,0.0227
2021-10-26,54600.0,54800.0,55800.0,54300.0,2370000.0,0.0092
2021-10-27,55300.0,55200.0,55300.0,54600.0,2089999.9999999998,0.0128
2021-10-28,54800.0,55100.0,55300.0,54600.0,1390000.0,-0.009000000000000001
2021-10-29,54100.0,54800.0,55100.0,54100.0,2290000.0,-0.0128
2021-11-01,53900.0,53900.0,54800.0,53700.0,1820000.0,-0.0037
2021-11-02,54300.0,54000.0,54800.0,53900.0,1890000.0,0.0074
2021-11-03,53000.0,54500.0,54700.0,53000.0,1960000.0,-0.0239
2021-11-04,52700.0,53000.0,53500.0,52500.0,1530000.0,-0.005699999999999999
2021-11-05,53900.0,52900.0,55000.0,52900.0,2300000.0,0.022799999999999997
2021-11-08,54700.0,54500.0,55500.0,54300.0,2210000.0,0.0148
2021-11-09,54500.0,54600.0,54800.0,54200.0,1070000.0,-0.0037
2021-11-10,58300.0,55200.0,58300.0,54800.0,7390000.0,0.0697
2021-11-11,59800.0,60100.0,60500.0,58700.0,5710000.0,0.025699999999999997
2021-11-12,60000.0,59900.0,60000.0,58500.0,2450000.0,0.0033
2021-11-15,60100.0,60100.0,61800.0,59200.0,3130000.0,0.0017000000000000001
2021-11-16,58800.0,59800.0,60400.0,58800.0,2610000.0,-0.0216
2021-11-17,62100.0,58600.0,62100.0,58500.0,4710000.0,0.056100000000000004
2021-11-18,61000.0,62200.0,62400.0,60800.0,2570000.0,-0.0177
2021-11-19,59400.0,61800.0,61800.0,56900.0,5020000.0,-0.0262
2021-11-22,55900.0,58300.0,58900.0,55600.0,3030000.0,-0.058899999999999994
2021-11-23,57000.0,55900.0,57000.0,55600.0,2510000.0,0.0197
2021-11-24,57000.0,57700.0,58300.0,56600.0,2280000.0,0.0
2021-11-25,58000.0,57300.0,59000.0,57000.0,2040000.0,0.0175
2021-11-26,56800.0,58000.0,58500.0,56600.0,2760000.0,-0.0207
2021-11-29,54900.0,55400.0,55400.0,54000.0,2720000.0,-0.0335
2021-11-30,54100.0,55500.0,56700.0,54100.0,2730000.0,-0.0146
2021-12-01,54300.0,54000.0,55100.0,54000.0,1840000.0,0.0037
2021-12-02,55500.0,54300.0,55900.0,54300.0,1190000.0,0.022099999999999998
2021-12-03,53300.0,55500.0,55500.0,53300.0,1650000.0,-0.039599999999999996
2021-12-06,51700.0,53400.0,53800.0,51100.0,2040000.0,-0.03
2021-12-07,53500.0,52400.0,53500.0,52100.0,989900.0,0.0348
2021-12-08,53800.0,54000.0,54800.0,53700.0,1110000.0,0.005600000000000001
2021-12-09,54100.0,53500.0,54400.0,53500.0,1420000.0,0.005600000000000001
2021-12-10,53300.0,53800.0,53900.0,53000.0,1440000.0,-0.0148
2021-12-13,53700.0,53400.0,54200.0,53300.0,1320000.0,0.0075
2021-12-14,54500.0,53700.0,54800.0,53500.0,1050000.0,0.0149
2021-12-15,54600.0,54400.0,55700.0,54000.0,1360000.0,0.0018
2021-12-16,54900.0,54800.0,55100.0,54300.0,1210000.0,0.0055000000000000005
2021-12-17,54300.0,54900.0,55100.0,54300.0,1020000.0,-0.0109
2021-12-20,53000.0,54200.0,54200.0,52600.0,1490000.0,-0.0239
2021-12-21,53000.0,53000.0,53400.0,52600.0,858300.0,0.0
2021-12-22,52800.0,53300.0,53800.0,52800.0,884600.0,-0.0038
2021-12-23,52800.0,53000.0,53800.0,51800.0,1670000.0,0.0
2021-12-24,53000.0,53400.0,53900.0,52900.0,597000.0,0.0038
2021-12-27,54100.0,53300.0,54100.0,53200.0,972100.0,0.0208
2021-12-28,53800.0,54700.0,54700.0,53700.0,888300.0,-0.0055000000000000005
2021-12-29,54000.0,53900.0,54200.0,53700.0,668600.0,0.0037
2021-12-30,54000.0,54400.0,54800.0,54000.0,551000.0,0.0
2021-12-31,53900.0,54100.0,54600.0,53700.0,872900.0,-0.0019
2022-01-04,55900.0,54400.0,56400.0,54000.0,2730000.0,0.0371
2022-01-05,55700.0,56000.0,57100.0,55600.0,1640000.0,-0.0036
2022-01-06,55500.0,55700.0,56700.0,55200.0,1240000.0,-0.0036
2022-01-07,56300.0,55900.0,56700.0,55700.0,1520000.0,0.0144
2022-01-10,55000.0,56700.0,56900.0,55000.0,1500000.0,-0.0231
2022-01-11,54100.0,54900.0,55300.0,54000.0,1120000.0,-0.016399999999999998
2022-01-12,54800.0,56000.0,56000.0,53700.0,1390000.0,0.0129
2022-01-13,54200.0,55000.0,55500.0,54100.0,1060000.0,-0.0109
2022-01-14,55000.0,54000.0,55000.0,53700.0,884000.0,0.0148
2022-01-17,53600.0,56000.0,56500.0,53500.0,1810000.0,-0.0255
2022-01-18,54000.0,53300.0,54400.0,52900.0,1130000.0,0.0075
2022-01-19,54100.0,54500.0,54600.0,53700.0,1000000.0,0.0019
2022-01-20,54100.0,54100.0,54500.0,53500.0,669600.0,0.0
2022-01-21,54800.0,54100.0,55200.0,53500.0,1280000.0,0.0129
2022-01-24,54300.0,54800.0,55800.0,54300.0,1090000.0,-0.0091
2022-01-25,54400.0,54100.0,54500.0,53600.0,977300.0,0.0018
2022-01-26,57000.0,54800.0,57200.0,54200.0,4910000.0,0.0478
2022-01-27,57000.0,58000.0,58000.0,57000.0,1930000.0,0.0
2022-01-28,56100.0,57000.0,57500.0,55600.0,1430000.0,-0.0158
2022-02-07,58700.0,57200.0,60000.0,56700.0,3960000.0,0.0463
2022-02-08,58800.0,58100.0,59300.0,58100.0,1990000.0,0.0017000000000000001
2022-02-09,59400.0,58800.0,60900.0,58200.0,2810000.0,0.0102
2022-02-10,60500.0,59900.0,60700.0,59400.0,3210000.0,0.018500000000000003
2022-02-11,59400.0,60800.0,60900.0,59300.0,2720000.0,-0.0182
2022-02-14,60200.0,60200.0,61900.0,59800.0,3150000.0,0.013500000000000002
2022-02-15,59000.0,60300.0,60400.0,58300.0,2400000.0,-0.0199
2022-02-16,59000.0,58300.0,59100.0,57700.0,1850000.0,0.0
2022-02-17,60000.0,58700.0,60700.0,58200.0,2260000.0,0.0169
2022-02-18,59800.0,59700.0,60400.0,59300.0,1750000.0,-0.0033
2022-02-21,59900.0,60600.0,60700.0,59800.0,2330000.0,0.0017000000000000001
2022-02-22,62000.0,60600.0,63500.0,60000.0,5660000.0,0.0351
2022-02-23,62500.0,62600.0,64400.0,62400.0,4310000.0,0.008100000000000001
2022-02-24,63400.0,62600.0,65900.0,62000.0,5800000.0,0.0144
2022-02-25,62400.0,63100.0,63700.0,61500.0,3040000.0,-0.0158
2022-02-28,62300.0,63000.0,63500.0,62100.0,2430000.0,-0.0016
2022-03-01,61300.0,62400.0,62800.0,61000.0,3580000.0,-0.0161
2022-03-02,61500.0,63000.0,64100.0,61500.0,5370000.0,0.0033
2022-03-03,62800.0,62400.0,63400.0,61400.0,3080000.0,0.021099999999999997
2022-03-04,61100.0,62200.0,62400.0,61100.0,2850000.0,-0.0271
2022-03-07,63300.0,62800.0,64200.0,61800.0,6670000.0,0.036000000000000004
2022-03-08,61300.0,62500.0,63000.0,61300.0,2880000.0,-0.0316
2022-03-09,63000.0,62000.0,63900.0,61300.0,3720000.0,0.0277
2022-03-10,61300.0,62000.0,62000.0,60900.0,2910000.0,-0.027000000000000003
2022-03-11,58000.0,61300.0,61700.0,57500.0,5640000.0,-0.0538
2022-03-14,55900.0,57500.0,58000.0,55800.0,3860000.0,-0.0362
2022-03-15,56000.0,55300.0,56900.0,54500.0,2590000.0,0.0018
2022-03-16,56200.0,56400.0,56500.0,55400.0,1630000.0,0.0036
2022-03-17,55800.0,56400.0,56400.0,55600.0,1490000.0,-0.0070999999999999995
2022-03-18,55900.0,56400.0,56800.0,55900.0,1510000.0,0.0018
2022-03-21,56000.0,56000.0,56800.0,55700.0,1400000.0,0.0018
2022-03-22,56800.0,56600.0,57400.0,56500.0,2000000.0,0.0143
2022-03-23,56000.0,56800.0,57000.0,56000.0,1520000.0,-0.0141
2022-03-24,56000.0,56700.0,56700.0,55900.0,1450000.0,0.0
2022-03-25,56000.0,56000.0,57000.0,55700.0,1420000.0,0.0
2022-03-28,56000.0,56000.0,56800.0,55600.0,1760000.0,0.0
2022-03-29,56400.0,55900.0,56600.0,55900.0,1590000.0,0.0070999999999999995
2022-03-30,55000.0,56200.0,56300.0,55000.0,2250000.0,-0.0248
2022-03-31,55200.0,55000.0,55600.0,54400.0,1940000.0,0.0036
2022-04-01,55100.0,55000.0,55600.0,54500.0,1340000.0,-0.0018
2022-04-04,56200.0,55400.0,56400.0,55300.0,1690000.0,0.02
2022-04-05,56100.0,56400.0,56900.0,56100.0,926100.0,-0.0018
2022-04-06,56000.0,55700.0,56300.0,55600.0,1260000.0,-0.0018
2022-04-07,56600.0,56000.0,57400.0,55800.0,3130000.0,0.010700000000000001
2022-04-08,56200.0,56600.0,57300.0,56200.0,1560000.0,-0.0070999999999999995
2022-04-12,54600.0,56200.0,56200.0,54600.0,1470000.0,-0.0285
2022-04-13,54700.0,54800.0,55000.0,53900.0,1270000.0,0.0018
2022-04-14,54700.0,54900.0,55400.0,54400.0,1030000.0,0.0
2022-04-15,54700.0,54800.0,55700.0,54500.0,1180000.0,0.0
2022-04-18,52900.0,54700.0,55500.0,52900.0,1990000.0,-0.0329
2022-04-19,51000.0,53200.0,54000.0,51000.0,1350000.0,-0.0359
2022-04-20,51300.0,51000.0,52300.0,50800.0,1730000.0,0.0059
2022-04-21,50300.0,51400.0,51700.0,50100.0,2000000.0,-0.0195
2022-04-22,50100.0,50500.0,51000.0,48800.0,2089999.9999999998,-0.004
2022-04-25,46600.0,50200.0,50400.0,46600.0,2300000.0,-0.0699
2022-04-26,47800.0,45000.0,47800.0,44600.0,2040000.0,0.0258
2022-04-27,48300.0,47800.0,48300.0,46800.0,593900.0,0.0105
2022-04-28,47800.0,48400.0,48400.0,47500.0,609700.0,-0.0104
2022-04-29,48000.0,47700.0,48500.0,47400.0,871300.0,0.0042
2022-05-04,48650.0,48000.0,49300.0,48000.0,779900.0,0.013500000000000002
2022-05-05,47600.0,49100.0,49500.0,47350.0,1540000.0,-0.0216
2022-05-06,45800.0,46500.0,47000.0,45800.0,1030000.0,-0.0378
2022-05-09,42600.0,45750.0,45750.0,42600.0,2500000.0,-0.0699
2022-05-10,42700.0,40300.0,43000.0,40300.0,1180000.0,0.0023
2022-05-11,41500.0,43050.0,43050.0,41400.0,1270000.0,-0.0281
2022-05-12,38600.0,41500.0,42250.0,38600.0,2069999.9999999998,-0.0699
2022-05-13,37350.0,38600.0,39000.0,37050.0,2020000.0,-0.032400000000000005
2022-05-16,39100.0,38300.0,39950.0,38300.0,1600000.0,0.046900000000000004
2022-05-17,41800.0,39100.0,41800.0,39100.0,1500000.0,0.0691
2022-05-18,41400.0,42100.0,42100.0,41150.0,1220000.0,-0.0096
2022-05-19,40500.0,40200.0,41200.0,40200.0,1370000.0,-0.0217
2022-05-20,40500.0,40600.0,41700.0,40450.0,1110000.0,0.0
2022-05-23,40250.0,41000.0,41000.0,40050.0,1090000.0,-0.0062
2022-05-24,40000.0,40500.0,40500.0,39100.0,770900.0,-0.0062
2022-05-25,41400.0,40600.0,41500.0,40000.0,1230000.0,0.035
2022-05-26,42550.0,41650.0,43300.0,41400.0,1650000.0,0.0278
2022-05-27,42600.0,42650.0,42950.0,42500.0,1050000.0,0.0012
2022-05-30,43400.0,42900.0,43600.0,42800.0,1270000.0,0.018799999999999997
2022-05-31,44000.0,43300.0,44900.0,42950.0,2120000.0,0.0138
2022-06-01,44500.0,44000.0,44850.0,43900.0,1320000.0,0.011399999999999999
2022-06-02,43500.0,44000.0,44400.0,43500.0,1440000.0,-0.0225
2022-06-03,43500.0,43600.0,44300.0,43200.0,1340000.0,0.0
2022-06-06,44900.0,44200.0,45200.0,44200.0,1700000.0,0.0322
2022-06-07,46700.0,44900.0,46850.0,43800.0,1630000.0,0.0401
2022-06-08,46850.0,47150.0,47900.0,46800.0,2040000.0,0.0032
2022-06-09,46900.0,46800.0,47150.0,46500.0,814300.0,0.0011
2022-06-10,45000.0,46200.0,46700.0,45000.0,1660000.0,-0.0405
2022-06-13,42000.0,43400.0,44550.0,42000.0,1680000.0,-0.0667
2022-06-14,43100.0,42000.0,43800.0,41950.0,1380000.0,0.0262
2022-06-15,41000.0,43500.0,43750.0,41000.0,930800.0,-0.0487
2022-06-16,42050.0,42200.0,42400.0,41800.0,817400.0,0.0256
2022-06-17,41900.0,40600.0,42000.0,40600.0,1110000.0,-0.0036
2022-06-20,39250.0,41600.0,41600.0,39250.0,1240000.0,-0.0632
2022-06-21,39000.0,39250.0,40500.0,38500.0,533000.0,-0.0064
2022-06-22,39500.0,40400.0,40400.0,39100.0,516600.0,0.0128
